{"version":5,"hash":{"type":"Buffer","data":"oVLyQj6DZUi6Qfy9dG1mL+8Ceul8yEcSiC+1lhhZyFP70Zo3AtgYwKb4yWeSATBOkhvd+QqOy5CvACKJ1HySRYQ12LuXFV9ywOPLjNUq3Uc4z0gXJ8AYLQqBYQv0vBnQ1rD80nwgIMQs5nCYU5hb1s8N5yfIwx4pcLpVP0xeYzI="},"indexValueMap":{"A1ElQ3nF1w5wo2OWQkye50G2jkkVPf9MDmEPdyLq9EI=":{"valueMac":{"type":"Buffer","data":"qCeyY86uTXnezv8DxtiU9O65tVQd4bIIVJJYVVRCwa4="}},"GmxAwk0gBjyXyKRlP9++RtETYrXWMQcCBcqijiZ3NpY=":{"valueMac":{"type":"Buffer","data":"idnCVLUFJKQCHuxoUByDxzqanZjnDekdFgzCpQljgkY="}},"J/cXzP0LAQR9SMneXEOE6KPWs3HtizEda1/j/aPYVyA=":{"valueMac":{"type":"Buffer","data":"CGsgFdFLnTP2wxKpu+8jT7Xeg0RHDGh2CyyhMiXCDkw="}},"PEQwAPk8qgR9mzl0Iu6E09Bp/mnmCcNGKtxBC0YOHLY=":{"valueMac":{"type":"Buffer","data":"YCvvmeMch+6ySENJjNtdPluZi0ECxv73U94j1JkzkJs="}},"WAYtncaITZLCQt1pqppOeOjDsRpUJi3U8EgYM+8WVXA=":{"valueMac":{"type":"Buffer","data":"f9nCo+XIWc7JxaXAoF1jvnCokwtj8qrc9Vs0l85uPf8="}},"Xv5FC7/AWqpyakuc52y3ivoQa2rEbRnyn/g9GxzqEQE=":{"valueMac":{"type":"Buffer","data":"L1LIu+5IGIear9fj0fKV5kAcMl3kteNm32Pbx0P3Nto="}},"YL9/UdG0WZkPHSSmLkqCyrNiuuJuIiOIjLzWif+JKLE=":{"valueMac":{"type":"Buffer","data":"PoVoL4dgEgGBoRXQyOjLvpwMZeUDV0tQ0f0tmG1Rsj0="}},"Ykn8EMSXrdeQYgkI061DPB4n/IHTEuP1Bn0HIirlX4g=":{"valueMac":{"type":"Buffer","data":"F3P4kXvxd3P/NMc4elBC5X15okaiy//v33HPB/tL5D0="}},"ajIUUotiau31ZrtjtMhJ9Mf/qmKNJ+00mQzoJLSjRCM=":{"valueMac":{"type":"Buffer","data":"ymlWaiwqp69TDvWOttM0M29cLc3sinSWT/Pm50XCYOM="}},"gAtrAf1pnp2BmU6j7I8c2Eq+6KL+umIQ7jkhqB7W8LE=":{"valueMac":{"type":"Buffer","data":"q4/eQ2hhPRYmCbzsB61ahTqXOM7iXK4CB97DRZYjavc="}},"hBV2gY3+NFYfZRJh7nSa2K1rr1R7qv6mDUbp/Omv6es=":{"valueMac":{"type":"Buffer","data":"xIAE9IqhGVt2VRCUWB/Rd/qLdwpVEFjqnjIIQ975Sbs="}},"lMcWat2UTN0aNx1lkPPgcuM3w7clQDknhZUdR6dHB+Q=":{"valueMac":{"type":"Buffer","data":"DgNIa6U65J78pbmR4zqxkKuTSehqPtrAjMw7ZzHoc5g="}},"mS1FqWDdXWOm+WIpusQz3yaolUFmbfkTSzihvLxjK5Q=":{"valueMac":{"type":"Buffer","data":"F+uSfpPHHl6EmBxS330Pe6BeDHtMtNsMpEaQmdQgpsY="}},"oYj4Tin+V+mNDfl+aloR5lZ98avaQX65P81/YhuEB00=":{"valueMac":{"type":"Buffer","data":"Uag1wJaHAEh85XpeaM7C9UANK3Zf/zpV61gH3vmCDiM="}},"rj5WTZJ02PxlonClURPw86ANdd3v5zMs252qJnYpPMs=":{"valueMac":{"type":"Buffer","data":"gVlmlAveaivbXplXPNIIij/3nq58gVSIrHdfY38DH5M="}},"r2rn9Og8YyZ1p3wwKudd6zv86rBEcDz7VtvOMC7Syrc=":{"valueMac":{"type":"Buffer","data":"LX0irAmYL+O3TDXmFIor/d17LeSZd7PxilOYKSnWHqM="}},"so+nGoFhg4CD1gZSSP369UT9mnYDlCv5Dcop9GEZwmc=":{"valueMac":{"type":"Buffer","data":"ed9B6J60JAcR9Kzq4qZd9NgkLcqKyT1PiiGvu6jn+Ug="}},"wLkRl3Y76OSVJHWHwoo451D1xBwneo35mfIB5ZGGSAA=":{"valueMac":{"type":"Buffer","data":"TOrzeOedCDPPXr2Cm8lkTTIMpzywtm5Y4fJLuaHT0X4="}},"zHA4TyB7c80eI+FOydJmV4Vqgt96IqHTgFZ7vpMGe+U=":{"valueMac":{"type":"Buffer","data":"L0yqn6rpVPOhYk1Jvx1qQukXpKkidWY/vNXpIDjtLgI="}},"1TuUym8srAr6qczYobNo3aOv6rkQ4RtvTpfBiQfcsyo=":{"valueMac":{"type":"Buffer","data":"pFvwjIVT8dTeqGWiCtCue8Hr1w/fcoYve2wiCZi6h+I="}},"1zNFbDO+IvpQTgaEqMJb8IZw4YC1/kFhSVATLsKIoyA=":{"valueMac":{"type":"Buffer","data":"OIqNj1mDt+4d/Xt5N6bjhqsF0c+fXQlOvf9s9ybvF64="}},"5MpBbnMfhsZGFKsySTkGgcEJnlo8/LnjKY8k/3a8g+8=":{"valueMac":{"type":"Buffer","data":"spDjLWy411uZ2s97UcOGCELF+BM7DUcGIwdqBCAqD3A="}},"72PUcjHb/qg2EVL2lJQsTx0IxJYbtUuZixisSypDOzY=":{"valueMac":{"type":"Buffer","data":"t9H1+Kdg4grZu7dnusJfUKFf523Jp5vqrlGFkLHUROc="}},"pJhyqXzUBk0k4TcrpG7SCglSXC8cX0nYSD09sJRT5ZE=":{"valueMac":{"type":"Buffer","data":"fb0XbQ8hSn/iBQAs7oVNi2M9+OYyoCCFpK2M59RKYHI="}},"L+UEJVd4gptl3pHIjy1Vu+W7MYuqz9gMUHHC4PDCFIw=":{"valueMac":{"type":"Buffer","data":"NniivUDhUmffcYo46K7ZnwtTuGZe3QS/8VfC/SUIEbo="}},"zlN3qSwjOIRcjxqiHLw3jQXYSj9S85yEGT4BkhoU1zA=":{"valueMac":{"type":"Buffer","data":"pqCfJUdulI6gVjzc5vFOULbOSsZgqUXBlNchPq+zoe4="}},"xA2knvGMgfUaQt0IJ/ZgJTy3mboBBIpxm6SCrvYTfF8=":{"valueMac":{"type":"Buffer","data":"+tnpyX0ETYkOSJ9Xuj95Y+e6bDgRcr/v/pG/GiawV84="}},"Kjh5qe44OwxF+5gx3bvqvpD2jpqbHGUjFz0sHGNNUOs=":{"valueMac":{"type":"Buffer","data":"0f/UPqO6KvmxMfi5PVNJP4EJjhHGh3fy+3ImrUFHwhY="}}}}