{"version":12,"hash":{"type":"Buffer","data":"m02Su/TncVlv+HTSJpEWlU5RiUYi0T8t2PRW2UnAG6JT2NUFicllFjdkdSqLtnzd6x8aEGuRy5aeLObKWoOvJh+/P5RxT8xBeL1Z4Xy7xbZrmK5M2ciRL+HtwjyhAxEC/0EyZTPBhTu9zAdSdf6LaiuvIxyMhgjtUWm3ynO9+7w="},"indexValueMap":{"DnMR5uO7peQIYEZ0eoSyNsTcZsJzYIVpwqKhKzlv4T4=":{"valueMac":{"type":"Buffer","data":"cyM5YsrY1UlYcGhzGPCMbugpFJ3gkDRyDPptb4dOeos="}},"YkcJg1BcnX70aCVOOHQ+Mtqaswtyp4MYS82DgiTyBMc=":{"valueMac":{"type":"Buffer","data":"oLCtusIGYJmN+lcc3NHF8niTDYOvOXiDLTuGAhsX7JQ="}},"YprS4nJztHs9oJ+g1qtHH+AMnPNdpVYh55D95dl2Qio=":{"valueMac":{"type":"Buffer","data":"vmucCxmbrpFAA3Vw8Mn2r+q9qyMmRNQ2IPv8MU2b+U8="}},"7ddDiKnymf4bb7sCgW/Od+iJFdNCOjqf8GFXrkg2gHk=":{"valueMac":{"type":"Buffer","data":"BpEVxgN4AAW8wrx5cGVsOdvH7IYIrrkcppVxO8xCI4w="}},"8Dnz+dMGb0byVJsy/eI3oVw2ALJnD37ZDcRXBHK+sAA=":{"valueMac":{"type":"Buffer","data":"Ofi3KAmGGgfoEEslpUmbsB//DfCEYclkDfZfIr6mVBw="}},"Joj+TWESc6Ip/3eOoHv5qc/OYrarp6dm3dorkb3TZt8=":{"valueMac":{"type":"Buffer","data":"YBFTYcVJ18k6ynXgFxA/KZW/Au0QwYVhjRDRhM7osew="}},"MHYN42YPG4EdEYtUqU9sFE2avTMFTmvLZYCshnBsSgw=":{"valueMac":{"type":"Buffer","data":"dzUBokp7so5KmpRYWNm8pah/Zwv8dThUVIDLs27w+MY="}},"T6V6ZguTefUeFU5BH9FdkIm+14kbjj5CeSzNs32x8AI=":{"valueMac":{"type":"Buffer","data":"y/hXgw3Ctm/DrHW7Sy73qeE/EZhTZsuVjp6aEIBHVSA="}},"Xgvb8psSo5GIo29hI0yuM/ydVNGjq92ukoMiqS9+m4w=":{"valueMac":{"type":"Buffer","data":"SxjYdIqKS8vhjoh5dQLPWIuSBRrUtCKri1VbobZHsdw="}},"eSlDwsti9LkB3O9ivGSvDnBl+CIOVL3annuZJzwO0aw=":{"valueMac":{"type":"Buffer","data":"PLwPblgrlWuY7k+q668ordVwWZu6UdsduqRaN9PPHIM="}},"rBOOnc0XZ0EpOOepHkMT+mx9ogL0cH0WhFz3/OPpq+Y=":{"valueMac":{"type":"Buffer","data":"0ruvimjwIREuouxQkUo6K465ScKuSYGzlHu8yjcdFNQ="}},"aH1LQp48oUb94SzSqkk9j2vSbkUVaO1fbkFW4gKjjfQ=":{"valueMac":{"type":"Buffer","data":"624xvJyZR7QE7lyc03LiM44u5G7BwdlDhDrF5Be4nBI="}},"BejrckNydI24g4IZKXVhTxnPRSnYiMqReLPxyrg+3nw=":{"valueMac":{"type":"Buffer","data":"px9Jon0wZAG7bkckIA3XUZUmBh8dRrNttp/NuXthdyM="}},"a5M1ZkH2Tv/espeOUxGMh823B3HWZhf3gYH+Fih51jo=":{"valueMac":{"type":"Buffer","data":"lRN+nBqX7IBVFouf5ZD3dgdmV7K5nSWWWEqqZY1NsX0="}},"JTYiaj+6lSpUsIrA0YXby5nvQfvq28Av9IoRJ4xX2RQ=":{"valueMac":{"type":"Buffer","data":"OpkNZK3FxFMj5jt7MG6dVY9+55oOlJ7JYm9/PHH1clk="}},"HCIIrr7tS9x1MUJ6vrz2IPs1ACgDI0Zie2nE6yiLzP4=":{"valueMac":{"type":"Buffer","data":"DvKEHPix/oZbjTRCEYsS39SJXQIaq2jrqHSc4U2kEAM="}},"CiGKjnavvebx/ZMdy6G6I6ouYz9JSMtmBJAh9IT/lfQ=":{"valueMac":{"type":"Buffer","data":"3BZCimlVE41B2PPPvikc1GgeQpJ1uJiZpnYUT+IY9zg="}}}}