{"version":2,"hash":{"type":"Buffer","data":"MApnNZwOQEv7g7MPeVwO0uIL4vXbPkjGMt9WxXd0c0bfLA9lbYafUxWWFekRSU6uR/oSxKL2Fk35AVw9U9iloKEXfJHbnGjgX5icH5624AKSi3cvDTBFBVggF9Jdj+oNPk9SKILwl6W6pqYjNGBYoBQVTPpMbV+3dXEJFBW3ZB8="},"indexValueMap":{"Hf9I/X2dROkYGJCNpyL1qRomCtxfvF7cu5691Y9nqqI=":{"valueMac":{"type":"Buffer","data":"q8LRp9Xf5mzuLsikjm7fgrRXgohX0Kxh80ogJFt2A2U="}},"Z5AT2yhHFSK/nP5u0xasFNN1vidE8EawvRI+F1enjFM=":{"valueMac":{"type":"Buffer","data":"JjIxGFvT5qh1FOX5sDQSwS9U2ooG+edh26rV8Y6Z47s="}},"cZv8rHVx9l/hvEC5RltPqVQf1aGsCBKRVErxkDpMSg0=":{"valueMac":{"type":"Buffer","data":"b0oLA4qkM9hsdCMYltI51X+4dr0EjVxDomub+nCWfNQ="}}}}