{"noiseKey":{"private":{"type":"Buffer","data":"0GbOgo8yI4YBNmuTFr60gb8jmx16qCcYBzfqbhFmaXU="},"public":{"type":"Buffer","data":"tRjLd0qc5xT5fHEct7LVi5YNElhlh+zyE+MZpj2vaWI="}},"pairingEphemeralKeyPair":{"private":{"type":"Buffer","data":"+ESClw8m/fk/4cRluOinYhFqVpyb8FQeuXn24ntKx38="},"public":{"type":"Buffer","data":"SLhoQqHNQqZDpR0LknCrE2o3H3DI9aj6LTuZY0DGPzw="}},"signedIdentityKey":{"private":{"type":"Buffer","data":"2HO0pEtuoFFkAKGK535d28gX5kaR5Mt3eM1xWnNt9W4="},"public":{"type":"Buffer","data":"sxJisKsQ8s3PuFawNX/9UBhkO3E8T2fUs5/SO0NTEAs="}},"signedPreKey":{"keyPair":{"private":{"type":"Buffer","data":"iFPk5TBvqExp3vEL0OxENrzmF0RNpGaVQhBTJZt6uVk="},"public":{"type":"Buffer","data":"BBpai+BUOS35hIlcrD+ZpMYDEKVX5+k3nkcSWml3VVI="}},"signature":{"type":"Buffer","data":"Qw2byXO5Qc8zqO3q6x43Xhz8IKcrneA1nDsqEt97NeU9v+HAUnqBuUpMRW0bBTlQ9ZF/bD0cp3KWcDlGG5kUjA=="},"keyId":1},"registrationId":13,"advSecretKey":"OHGeeiBdjb5wjaSrdLQdfu7cUUaKyJjvGD2uyBEyeT0=","processedHistoryMessages":[{"key":{"remoteJid":"6287744811004@s.whatsapp.net","fromMe":true,"id":"B038EBBC67C6B949F5611D1F1ABF9E34"},"messageTimestamp":1735542597},{"key":{"remoteJid":"6287744811004@s.whatsapp.net","fromMe":true,"id":"A0BBA628EB93F770DB2D0BE5B8912F30"},"messageTimestamp":1735542601},{"key":{"remoteJid":"6287744811004@s.whatsapp.net","fromMe":true,"id":"F235C972F9B4826C1CA43ADCD85996E0"},"messageTimestamp":1735542626},{"key":{"remoteJid":"6287744811004@s.whatsapp.net","fromMe":true,"id":"2ECD273CC93328C215CD716B5ECDCBE2"},"messageTimestamp":1735542642}],"nextPreKeyId":69,"firstUnuploadedPreKeyId":69,"accountSyncCounter":1,"accountSettings":{"unarchiveChats":false},"registered":true,"pairingCode":"EEQZGGRQ","me":{"id":"6287744811004:43@s.whatsapp.net","name":"One","lid":"138238270423250:43@lid"},"account":{"details":"CM/kibAGELSOybsGGAUgACgA","accountSignatureKey":"YoxC3ynWFrfl1G0dhqpWlLUapbnt/lfsllpOgFCxBUU=","accountSignature":"vYGnd2LOAJb648tohUbrvpcan7rqQaSBbMpqQTvZtoiD9KPMrs1hZCclqUs2M7074xInyVfBjazas1qH5Ft0Bg==","deviceSignature":"fTr6qp3YKnYmx7AAawyXtCw9leAs3JY4z5A6nKiA6OG/2n4gTQ+MO6/gYcGN15YqPbCDT+oYjSt/v5rGMwNugw=="},"signalIdentities":[{"identifier":{"name":"6287744811004:43@s.whatsapp.net","deviceId":0},"identifierKey":{"type":"Buffer","data":"BWKMQt8p1ha35dRtHYaqVpS1GqW57f5X7JZaToBQsQVF"}}],"platform":"smba","routingInfo":{"type":"Buffer","data":"CAUIAg=="},"lastAccountSyncTimestamp":1735543678,"lastPropHash":"iEaZ1","myAppStateKeyId":"AAAAAE94"}