[{"senderKeyId":1483311241,"senderChainKey":{"iteration":0,"seed":"idag3kD2WEsSOatLnQy1lZAfvdS8wj1avc7+p4OP4ec="},"senderSigningKey":{"public":"BYCMmENTmP+Ya8g5T3ZCR17cztRXAKiCbHf/FNaC9TUo"},"senderMessageKeys":[]},{"senderKeyId":200419763,"senderChainKey":{"iteration":12,"seed":"PwrSOC/1OHA32sNGgo5dOblOGmElKdJGqWe64vLhTS8="},"senderSigningKey":{"public":"BbXQOqU0N7L0Y/rEZvHqEtBbophSQELhLPA1EcNdp1RX"},"senderMessageKeys":[]},{"senderKeyId":200419763,"senderChainKey":{"iteration":6,"seed":"1sgc6z11W+Y3qp0ZXBCF/gouV8lk+Z3LFF6fYbKlnJM="},"senderSigningKey":{"public":"BbXQOqU0N7L0Y/rEZvHqEtBbophSQELhLPA1EcNdp1RX"},"senderMessageKeys":[]}]