[{"senderKeyId":2072660289,"senderChainKey":{"iteration":2,"seed":"Vkr/g0MHZuoEoaP5InNtbkedEbOcN8qwQil5VNLoZWo="},"senderSigningKey":{"public":"BWN5bhT7Fr0xkoaY2FnQZ/6eZg4kThMaw/xDxSH4y4sB"},"senderMessageKeys":[]},{"senderKeyId":46071701,"senderChainKey":{"iteration":2,"seed":"O/2+W6SL8DJSH2IuJd24y3yueIuRKYwZ5eS2mAWoqAk="},"senderSigningKey":{"public":"Bew5u/Jeiuo2LpBDTjKFnrQkF0Vehjktj4samXeBSr5P"},"senderMessageKeys":[]},{"senderKeyId":1261251452,"senderChainKey":{"iteration":2,"seed":"7GU7ETnno1wpjDSKZQNK5mMqxygmrZW3Sapv0pccVaM="},"senderSigningKey":{"public":"BXZBHOFA9Q513cZGM3dy8Wphe5frsGnsaLqrbowxkp0d"},"senderMessageKeys":[]},{"senderKeyId":1546252705,"senderChainKey":{"iteration":2,"seed":"6SANVNcg+DGJ9+eQ5unYtDcev5/nhtJ3tR4XVwktmgU="},"senderSigningKey":{"public":"BYwvvMT2uWMp8IG23qPPVgVDUeyAVXC1GkcFoCWP89BX"},"senderMessageKeys":[]},{"senderKeyId":1546252705,"senderChainKey":{"iteration":2,"seed":"6SANVNcg+DGJ9+eQ5unYtDcev5/nhtJ3tR4XVwktmgU="},"senderSigningKey":{"public":"BYwvvMT2uWMp8IG23qPPVgVDUeyAVXC1GkcFoCWP89BX"}}]