[{"senderKeyId":184272946,"senderChainKey":{"iteration":19,"seed":"vttz04Vfk8tNtjslV8KNR37t7IwConAP3nI8onYeu0w="},"senderSigningKey":{"public":"BSZJgU9AuDIQt/5fCXHYieHyP5QbUSH+HuIpnz+Opbl2"},"senderMessageKeys":[]},{"senderKeyId":184272946,"senderChainKey":{"iteration":26,"seed":"8BEyKl4GDSo2RE0+y4RXo7m9NH4dgwrJ52p4bLdBYRA="},"senderSigningKey":{"public":"BSZJgU9AuDIQt/5fCXHYieHyP5QbUSH+HuIpnz+Opbl2"},"senderMessageKeys":[]},{"senderKeyId":184272946,"senderChainKey":{"iteration":26,"seed":"8BEyKl4GDSo2RE0+y4RXo7m9NH4dgwrJ52p4bLdBYRA="},"senderSigningKey":{"public":"BSZJgU9AuDIQt/5fCXHYieHyP5QbUSH+HuIpnz+Opbl2"},"senderMessageKeys":[]},{"senderKeyId":184272946,"senderChainKey":{"iteration":26,"seed":"8BEyKl4GDSo2RE0+y4RXo7m9NH4dgwrJ52p4bLdBYRA="},"senderSigningKey":{"public":"BSZJgU9AuDIQt/5fCXHYieHyP5QbUSH+HuIpnz+Opbl2"},"senderMessageKeys":[]},{"senderKeyId":184272946,"senderChainKey":{"iteration":26,"seed":"8BEyKl4GDSo2RE0+y4RXo7m9NH4dgwrJ52p4bLdBYRA="},"senderSigningKey":{"public":"BSZJgU9AuDIQt/5fCXHYieHyP5QbUSH+HuIpnz+Opbl2"}}]