[{"senderKeyId":879596560,"senderChainKey":{"iteration":17,"seed":"MA+i4pDESR6BhbuqOmdvU/2XknA2phRcSB9p1wlKrsc="},"senderSigningKey":{"public":"BfwHpZr1bMLz7sVMkpttUDJ1MSEdbECY2SIjTpnrB4Ax"},"senderMessageKeys":[]},{"senderKeyId":879596560,"senderChainKey":{"iteration":11,"seed":"jqgJAl7tVuHdDD/TFHYUYSIyrOXu6cYTaqvAP6hSxk8="},"senderSigningKey":{"public":"BfwHpZr1bMLz7sVMkpttUDJ1MSEdbECY2SIjTpnrB4Ax"},"senderMessageKeys":[]},{"senderKeyId":879596560,"senderChainKey":{"iteration":15,"seed":"rZ/JkSGiTYdif0aNdXJVL7IPjL7b3XZx5OQ85lP5wg0="},"senderSigningKey":{"public":"BfwHpZr1bMLz7sVMkpttUDJ1MSEdbECY2SIjTpnrB4Ax"},"senderMessageKeys":[]}]