[{"senderKeyId":293075168,"senderChainKey":{"iteration":40,"seed":"VzSmYv1vrX7CiZth0tnkHv8lrAQ3DPP92Gdz/XnDflo="},"senderSigningKey":{"public":"BZW42/NP+yrJgDzV9Uo8Q9t2o4IM9QCZJ7umpW6hrAU0"},"senderMessageKeys":[]},{"senderKeyId":293075168,"senderChainKey":{"iteration":19,"seed":"OK+3atQ3UWBUpcLf5g4nOo+rqevf0bq6nnU5hUQjDv4="},"senderSigningKey":{"public":"BZW42/NP+yrJgDzV9Uo8Q9t2o4IM9QCZJ7umpW6hrAU0"},"senderMessageKeys":[]},{"senderKeyId":293075168,"senderChainKey":{"iteration":19,"seed":"OK+3atQ3UWBUpcLf5g4nOo+rqevf0bq6nnU5hUQjDv4="},"senderSigningKey":{"public":"BZW42/NP+yrJgDzV9Uo8Q9t2o4IM9QCZJ7umpW6hrAU0"},"senderMessageKeys":[]},{"senderKeyId":293075168,"senderChainKey":{"iteration":19,"seed":"OK+3atQ3UWBUpcLf5g4nOo+rqevf0bq6nnU5hUQjDv4="},"senderSigningKey":{"public":"BZW42/NP+yrJgDzV9Uo8Q9t2o4IM9QCZJ7umpW6hrAU0"},"senderMessageKeys":[]},{"senderKeyId":293075168,"senderChainKey":{"iteration":19,"seed":"OK+3atQ3UWBUpcLf5g4nOo+rqevf0bq6nnU5hUQjDv4="},"senderSigningKey":{"public":"BZW42/NP+yrJgDzV9Uo8Q9t2o4IM9QCZJ7umpW6hrAU0"},"senderMessageKeys":[]}]