[{"senderKeyId":159908724,"senderChainKey":{"iteration":153,"seed":"J6hvibHgY6cHI9o8jY9ToJj/+tEbraDRk26qkUqttyw="},"senderSigningKey":{"public":"BU0x0pRn+wLOWVb4bxxf1TbkB8jdjgSIul4w26U/b3sI"},"senderMessageKeys":[{},{},{},{},{},{},{},{},{},{},{},{},{},{},{},{},{},{},{},{},{},{},{},{},{},{},{},{},{},{},{},{},{},{},{},{},{},{},{},{},{},{},{},{},{},{},{},{},{},{},{},{},{},{},{},{},{},{},{},{},{},{},{},{},{},{},{},{},{},{},{},{},{},{},{},{},{},{},{},{},{},{},{},{},{},{},{},{},{},{},{},{},{},{},{},{},{},{},{},{},{},{},{},{},{},{},{},{},{},{},{},{},{},{},{},{},{},{},{},{}]},{"senderKeyId":159908724,"senderChainKey":{"iteration":1,"seed":"9tnswwBkgbw/6AaX7zUJoWg2W9VYgqcYLO5sfMheOW8="},"senderSigningKey":{"public":"BU0x0pRn+wLOWVb4bxxf1TbkB8jdjgSIul4w26U/b3sI"},"senderMessageKeys":[]}]