[{"senderKeyId":1510352794,"senderChainKey":{"iteration":11,"seed":"RXqmM/p87Ec3J0J2xjj2eRrBp9hRh6ojfwdDCtEb66k="},"senderSigningKey":{"public":"Bf9rzWGCs8ZmBLpb5W+6TFsJIvcwjaHIR52A548lmWpk"},"senderMessageKeys":[]},{"senderKeyId":1723355189,"senderChainKey":{"iteration":4,"seed":"9LNGt4/e4r7Lb6cA47+qBCzMd1b8DxUJOtNsoyHBCeg="},"senderSigningKey":{"public":"BYJcp3vYG7nlN0Pk+ckUWla5MTry397kP+l6fzLLeU9z"},"senderMessageKeys":[]},{"senderKeyId":1723355189,"senderChainKey":{"iteration":3,"seed":"JFhha1Z1LqwuY8QVwk/Zcp3hs4s9tFkt38/7wK5ylFk="},"senderSigningKey":{"public":"BYJcp3vYG7nlN0Pk+ckUWla5MTry397kP+l6fzLLeU9z"},"senderMessageKeys":[]}]