{"_sessions":{"BUxlQvpVt5SSRMf1jxuPgbjW7fKjwB6OTqkHiNxyV1MZ":{"registrationId":2005641035,"currentRatchet":{"ephemeralKeyPair":{"pubKey":"BVR8mHiHezHGe92KzU7ZjSpX8XyrmLZpk7CJt102qnsF","privKey":"2Ap5nrb542dMhpdIKdvjFajdZhWjJUZ0SUiHDnXmcm8="},"lastRemoteEphemeralKey":"BWyPxWOuNZJY0/8l3E8H8U5R1dmeRMkT4151dR/BgtlT","previousCounter":0,"rootKey":"UMB1Vc5cujt1Wpogrf1wEHY0I1WngH+FI1jYzc6TaI4="},"indexInfo":{"baseKey":"BUxlQvpVt5SSRMf1jxuPgbjW7fKjwB6OTqkHiNxyV1MZ","baseKeyType":2,"closed":-1,"used":1735546663836,"created":1735546663836,"remoteIdentityKey":"BRNvCqhr+ha2010AuOlqjatS8GpGUjelzr85d6bgt3sR"},"_chains":{"BWyPxWOuNZJY0/8l3E8H8U5R1dmeRMkT4151dR/BgtlT":{"chainKey":{"counter":0,"key":"JBAHR14FJWJzKmWLxriZ0MQeQqxgu59vKWqL64D0OwM="},"chainType":2,"messageKeys":{}},"BVR8mHiHezHGe92KzU7ZjSpX8XyrmLZpk7CJt102qnsF":{"chainKey":{"counter":-1,"key":"e7bqepViQEWhoY2ERpIf8Eh1oLVv+8oUSfWbnKnE8xY="},"chainType":1,"messageKeys":{}}}}},"version":"v1"}