{"_sessions":{"BQuMaIZK0ekl+qKIrFjM5eSg96eWqDj30HswSWhw8lwS":{"registrationId":40,"currentRatchet":{"ephemeralKeyPair":{"pubKey":"BT/8hwoRBSZsPOT7njWeZMBaDmyLaK8Zm4jW6RrDL0F+","privKey":"uLPGjoGb1oAf95IbaNPabssjqHnN2dOvS7cl2cGLLVU="},"lastRemoteEphemeralKey":"BXLsULqrj4HuKJx0kE+jfo3SRFEGnLrlxG7Wgw5gDHoL","previousCounter":0,"rootKey":"PU3KcNnta3m6hQlqMu3KOuwFokaJ0dpLSEI1dDl5Yz0="},"indexInfo":{"baseKey":"BQuMaIZK0ekl+qKIrFjM5eSg96eWqDj30HswSWhw8lwS","baseKeyType":1,"closed":-1,"used":1735544655543,"created":1735544655543,"remoteIdentityKey":"BVvq0r1Uy7S4YE4/TtDbrrWPMjwsYh3vQqAbCSLdOXQH"},"_chains":{"BT/8hwoRBSZsPOT7njWeZMBaDmyLaK8Zm4jW6RrDL0F+":{"chainKey":{"counter":2,"key":"vWUXg5zylupqguKXpwU824rQ0KavLf02XiEWvYEsajU="},"chainType":1,"messageKeys":{}}},"pendingPreKey":{"signedKeyId":1,"baseKey":"BQuMaIZK0ekl+qKIrFjM5eSg96eWqDj30HswSWhw8lwS","preKeyId":14}}},"version":"v1"}