{"_sessions":{"BbDMmitz086m51w2UxfboqCR1GaVkfiEqLUURPA2Xgso":{"registrationId":1451691615,"currentRatchet":{"ephemeralKeyPair":{"pubKey":"BRt6X/5l7sfxq8JwfIVE/vZ/wDTWp+3kf9QyYr1GjEoL","privKey":"wOjLklRsZPRTvwtlidCUS5Q9VJhDrKP781U3N6uyiWo="},"lastRemoteEphemeralKey":"BdjTu60Sh43cb7kTbIXEj2LNweU2NtPfwddNNL/Fzjc7","previousCounter":0,"rootKey":"EoDhv1rWqCkGMYct0DKpFMFrbU9yK1yJOk1Ycw7hzzM="},"indexInfo":{"baseKey":"BbDMmitz086m51w2UxfboqCR1GaVkfiEqLUURPA2Xgso","baseKeyType":2,"closed":-1,"used":1735566520989,"created":1735566520989,"remoteIdentityKey":"BTjbe9dweVmNqvKTCBHBo8Mx7gcZfNeSpcOfU5SACut1"},"_chains":{"BdjTu60Sh43cb7kTbIXEj2LNweU2NtPfwddNNL/Fzjc7":{"chainKey":{"counter":0,"key":"gaJCN1oIr8AIOlN9Jzamajfr+F1OuGilt37UbtWEOAQ="},"chainType":2,"messageKeys":{}},"BRt6X/5l7sfxq8JwfIVE/vZ/wDTWp+3kf9QyYr1GjEoL":{"chainKey":{"counter":-1,"key":"bq8DaThgG7g3Ftd9bPY7M5sKzkAn2u8KidNzsrfJnyA="},"chainType":1,"messageKeys":{}}}}},"version":"v1"}