{"_sessions":{"BaFOLysljGwL7Oxx5ms1z/Jwu1/fI6u0qsS89/UDBsx7":{"registrationId":1367594826,"currentRatchet":{"ephemeralKeyPair":{"pubKey":"Bezm+7P5k5a8eAmoS5Y9bcSF/DH3hUIjd0Qca3djaLpk","privKey":"KM5i6Zbs5XkJUrI1co726VKsMZAEhcoyQTH3Ohy+ykI="},"lastRemoteEphemeralKey":"BVb4fYGjNn9fi8tM1EAoCM4/TrkrdbW+5hUwoPw0cll2","previousCounter":0,"rootKey":"70nIVfXmmNQh6q8gTlqlcM45nDzMcUidi/d/M0KlHts="},"indexInfo":{"baseKey":"BaFOLysljGwL7Oxx5ms1z/Jwu1/fI6u0qsS89/UDBsx7","baseKeyType":1,"closed":1735566889386,"used":1735566888427,"created":1735566888427,"remoteIdentityKey":"BeQQc4ovpb+39zdAQVQJ+XgpScYNTXH7XU3KthxN6CEm"},"_chains":{"Bezm+7P5k5a8eAmoS5Y9bcSF/DH3hUIjd0Qca3djaLpk":{"chainKey":{"counter":0,"key":"s3HYo6sz2aBOHuN14XUWTxSlpyV6ZIovaxwiabE2txM="},"chainType":1,"messageKeys":{}}},"pendingPreKey":{"signedKeyId":1,"baseKey":"BaFOLysljGwL7Oxx5ms1z/Jwu1/fI6u0qsS89/UDBsx7","preKeyId":6890353}},"BUuvH5TKmjt8wBu+5bZL7G3ema2QefFI//KTSOfFbz9E":{"registrationId":1367594826,"currentRatchet":{"ephemeralKeyPair":{"pubKey":"Bf/CZdhSwXtGMtNd2N8qKnfb1xx5QGaaR9rrvz+4e/RY","privKey":"uOMTBg9OMbkTQZxxg8KlYbk2wzf7m/hbvGurFWeYiFE="},"lastRemoteEphemeralKey":"BVb4fYGjNn9fi8tM1EAoCM4/TrkrdbW+5hUwoPw0cll2","previousCounter":0,"rootKey":"LgPM9xyoKcjSL8zUsaleqXXb8uWXWuJLREp4c2AMO7s="},"indexInfo":{"baseKey":"BUuvH5TKmjt8wBu+5bZL7G3ema2QefFI//KTSOfFbz9E","baseKeyType":1,"closed":-1,"used":1735566889265,"created":1735566889265,"remoteIdentityKey":"BeQQc4ovpb+39zdAQVQJ+XgpScYNTXH7XU3KthxN6CEm"},"_chains":{"Bf/CZdhSwXtGMtNd2N8qKnfb1xx5QGaaR9rrvz+4e/RY":{"chainKey":{"counter":0,"key":"LKCiHwxqMgNEhWwAAYysVgV26Dp16MWkfEnurvjKznQ="},"chainType":1,"messageKeys":{}}},"pendingPreKey":{"signedKeyId":1,"baseKey":"BUuvH5TKmjt8wBu+5bZL7G3ema2QefFI//KTSOfFbz9E","preKeyId":6890047}}},"version":"v1"}