{"_sessions":{"BZD/192TXZDwZPf3quZgsbHZgRJ6soZpBq9wYOF67d1d":{"registrationId":1256741748,"currentRatchet":{"ephemeralKeyPair":{"pubKey":"BfzeTvuQvbtiRwP2oDQlSOmLgObvGiG/noktCWSZUJZ5","privKey":"2G0T1fa0jM/uWkZkzyt1OBPxMOI1m3HJb21h2zvbblA="},"lastRemoteEphemeralKey":"BXSVqFzCAaZwswHNSshwX1CXATrPKU+CyMkjmOE+kBs0","previousCounter":0,"rootKey":"0EFgA/aFd6WEaZRZLlsfdVsOXkm9W3WEf6VmLYZDufQ="},"indexInfo":{"baseKey":"BZD/192TXZDwZPf3quZgsbHZgRJ6soZpBq9wYOF67d1d","baseKeyType":2,"closed":-1,"used":1735544599463,"created":1735544599463,"remoteIdentityKey":"BZ+BCR2KM+MInoR5RSGbpRYCkdH4UxSSZwNAx48H97QC"},"_chains":{"BXSVqFzCAaZwswHNSshwX1CXATrPKU+CyMkjmOE+kBs0":{"chainKey":{"counter":10,"key":"GpBAVya0By2YR7sSCbXEH0mrOei1XBkIKufTdEKgtPY="},"chainType":2,"messageKeys":{"7":"2vPdvaEbmfrSQ0Rw48s70kjH0EInVZ4cZ0DP2XFm9NA="}},"BfzeTvuQvbtiRwP2oDQlSOmLgObvGiG/noktCWSZUJZ5":{"chainKey":{"counter":-1,"key":"E/vVIQwM277Fqe5dda8NC+BBQHQw+rhAaWxbPnVC7cg="},"chainType":1,"messageKeys":{}}}}},"version":"v1"}