{"_sessions":{"BSvT01iCF8q8VAVmpB5s9H/i2CGldgI1wKYiongblE81":{"registrationId":665104852,"currentRatchet":{"ephemeralKeyPair":{"pubKey":"BW+xh9LdW5sUEqpUbjBn2HcAbmz70RRLUZIVDYoWaKsK","privKey":"SFfpeF7lxLxHYqgE4t3P5KR5H8qClGVQvgMZTa0In20="},"lastRemoteEphemeralKey":"BQxSwa6m+cvhVeFopNQXjnx4RjQBBQ4Pm7pcewYKKShJ","previousCounter":0,"rootKey":"5z8gLncQ8t6bMrrRPEcAKlP2V9//mes4u02FGJTP9Ms="},"indexInfo":{"baseKey":"BSvT01iCF8q8VAVmpB5s9H/i2CGldgI1wKYiongblE81","baseKeyType":1,"closed":1735566889397,"used":1735566888462,"created":1735566888462,"remoteIdentityKey":"BZ8f3hDX7+YSAzGvD+TZz/AJ78M95kKHd+iO/RwZDpFu"},"_chains":{"BW+xh9LdW5sUEqpUbjBn2HcAbmz70RRLUZIVDYoWaKsK":{"chainKey":{"counter":0,"key":"vjVJ6oAWMzUktFQ3S72mB0U/QFt0hvQiCgdyyqtiyiU="},"chainType":1,"messageKeys":{}}},"pendingPreKey":{"signedKeyId":1,"baseKey":"BSvT01iCF8q8VAVmpB5s9H/i2CGldgI1wKYiongblE81","preKeyId":10173665}},"BdXQ0Px81wuEFkb4wd4FPkCMQ2g/iVb3ZxvUAw+hcuw/":{"registrationId":665104852,"currentRatchet":{"ephemeralKeyPair":{"pubKey":"BY1moZZndq3aFC61KPPkdzSabzLHh7KUHzcSMMsmfxpn","privKey":"sEB/l5JQc7DsHB36Iuo+uwo+WNZm3v4oDjkU6EYVZ3E="},"lastRemoteEphemeralKey":"BQxSwa6m+cvhVeFopNQXjnx4RjQBBQ4Pm7pcewYKKShJ","previousCounter":0,"rootKey":"0EZeEtjsG/7MTkzmEhmy3z15g3YKRhOI0eE0WAuY9vE="},"indexInfo":{"baseKey":"BdXQ0Px81wuEFkb4wd4FPkCMQ2g/iVb3ZxvUAw+hcuw/","baseKeyType":1,"closed":-1,"used":1735566889299,"created":1735566889299,"remoteIdentityKey":"BZ8f3hDX7+YSAzGvD+TZz/AJ78M95kKHd+iO/RwZDpFu"},"_chains":{"BY1moZZndq3aFC61KPPkdzSabzLHh7KUHzcSMMsmfxpn":{"chainKey":{"counter":0,"key":"D8NzcXrTBXwF7DWi+hrjosr7mefWLOD0g0z658J/59Q="},"chainType":1,"messageKeys":{}}},"pendingPreKey":{"signedKeyId":1,"baseKey":"BdXQ0Px81wuEFkb4wd4FPkCMQ2g/iVb3ZxvUAw+hcuw/","preKeyId":10173629}}},"version":"v1"}