{"_sessions":{"BSITpH9Og4Y6FnOgWCGknrKQbC/fnxdolLDC6LLbNax2":{"registrationId":2020176334,"currentRatchet":{"ephemeralKeyPair":{"pubKey":"Ba9RH7kb5RSflBXNz6f2cKQXudBzplwKCYLPxutrqBYB","privKey":"YHvk2CpTQBLoyllONk8Uu1WA2jiTTKXSb0jmxE+ZiWc="},"lastRemoteEphemeralKey":"Ba7bk0s+wjculK0NdNvDh3lRUFkXzNpqDyxMw13nDmYS","previousCounter":0,"rootKey":"gh0JaHXp9Dk0OWLMHYttWMnVTsCvId+t4KQemq5cyyQ="},"indexInfo":{"baseKey":"BSITpH9Og4Y6FnOgWCGknrKQbC/fnxdolLDC6LLbNax2","baseKeyType":1,"closed":1735566889402,"used":1735566888480,"created":1735566888480,"remoteIdentityKey":"Bc2mWeP9KjQz29ScJzdTZCwto2QrhSbP3ahjrLFnbC4d"},"_chains":{"Ba9RH7kb5RSflBXNz6f2cKQXudBzplwKCYLPxutrqBYB":{"chainKey":{"counter":0,"key":"03it9O1jUwuyr5/Ict3BpUZDLHFg2pyCofbq5W34gUQ="},"chainType":1,"messageKeys":{}}},"pendingPreKey":{"signedKeyId":5,"baseKey":"BSITpH9Og4Y6FnOgWCGknrKQbC/fnxdolLDC6LLbNax2"}},"BTdh6nMxEupUx3FEUce88FibUI/VOmmdsDnemnI0sCNr":{"registrationId":2020176334,"currentRatchet":{"ephemeralKeyPair":{"pubKey":"Bc5bNXGYpf023iKECz4I+aXVsY97UhO7xXgimDIjAHFI","privKey":"oPKRQLZF4JAgRotgWh0nfY7cEfW2QI/I4XSOyk5yZ0Y="},"lastRemoteEphemeralKey":"Ba7bk0s+wjculK0NdNvDh3lRUFkXzNpqDyxMw13nDmYS","previousCounter":0,"rootKey":"VsV/+9rbE22Mmkygpvhw2eaVHFGjMbT7194D+KynJSw="},"indexInfo":{"baseKey":"BTdh6nMxEupUx3FEUce88FibUI/VOmmdsDnemnI0sCNr","baseKeyType":1,"closed":-1,"used":1735566889315,"created":1735566889315,"remoteIdentityKey":"Bc2mWeP9KjQz29ScJzdTZCwto2QrhSbP3ahjrLFnbC4d"},"_chains":{"Bc5bNXGYpf023iKECz4I+aXVsY97UhO7xXgimDIjAHFI":{"chainKey":{"counter":0,"key":"Mf0Th7XILZr06Jo3MSH/bELu+83ZNJA/1C3Zd8XTEME="},"chainType":1,"messageKeys":{}}},"pendingPreKey":{"signedKeyId":5,"baseKey":"BTdh6nMxEupUx3FEUce88FibUI/VOmmdsDnemnI0sCNr"}}},"version":"v1"}