{"_sessions":{"BfX3BeCractEwk8AbHqmfu6r04dqY0bL4RM0pe9f/K1i":{"registrationId":743161940,"currentRatchet":{"ephemeralKeyPair":{"pubKey":"BbncTlBrrlvGlPtKuAasdq+2VNAOtLlEPppcESFr2Y4l","privKey":"uAX604EpX04xhPf7XtxY8POTQVsH483SXUirSjyRu3I="},"lastRemoteEphemeralKey":"BfuyP3qjSxEnHmqhDeq2rveYCZnR0SbRN2vaxvA9YXNO","previousCounter":0,"rootKey":"1PPEzYLCYri5z5VqCmPm9nkkJ/Yi3/STt/IrrI3q8Vg="},"indexInfo":{"baseKey":"BfX3BeCractEwk8AbHqmfu6r04dqY0bL4RM0pe9f/K1i","baseKeyType":2,"closed":-1,"used":1735566819578,"created":1735566819577,"remoteIdentityKey":"BUXg0i8sPu27kW0IF/dQtqetiIidg/V5AsUl6oEr1fpg"},"_chains":{"BfuyP3qjSxEnHmqhDeq2rveYCZnR0SbRN2vaxvA9YXNO":{"chainKey":{"counter":1,"key":"W9XnQp0TXyO1RbZP+VPb7/IO87CFFjDD0hBtlTdX2E4="},"chainType":2,"messageKeys":{}},"BbncTlBrrlvGlPtKuAasdq+2VNAOtLlEPppcESFr2Y4l":{"chainKey":{"counter":-1,"key":"V0znZaWLfu2BA1ZoSUT2zX72HTWdQ/4v8S3DxQwDtP8="},"chainType":1,"messageKeys":{}}}}},"version":"v1"}