{"_sessions":{"BamGTt8sexKTv4TifzKHUIhh3lx2a62XBhPAqPRY0JxN":{"registrationId":161125748,"currentRatchet":{"ephemeralKeyPair":{"pubKey":"BcV5q05sZCEr3kyjPuxzxYcnMHoGS4kbq31HHlQNVZcE","privKey":"WBnSgBIiH2XL+lewvpBB3hjvaqg5wCGqn9b8h5Q0qGU="},"lastRemoteEphemeralKey":"BfTjzSyo3Sl1d9E6bMYR74+T4eGZpN4TBT9s+v07SdkH","previousCounter":0,"rootKey":"G6cj7n6OZGmwZXklnOGBWnMd/UoWnxAbsgeb4HkSuQ0="},"indexInfo":{"baseKey":"BamGTt8sexKTv4TifzKHUIhh3lx2a62XBhPAqPRY0JxN","baseKeyType":1,"closed":1735566889388,"used":1735566888436,"created":1735566888436,"remoteIdentityKey":"BYrPEffJebQyjtM+/h1NisUY9i0I9epansqxdxEej5Z/"},"_chains":{"BcV5q05sZCEr3kyjPuxzxYcnMHoGS4kbq31HHlQNVZcE":{"chainKey":{"counter":0,"key":"FBtPeB9L1zpfotyL/a2VzTj1YqLvq/6o/qiWJmLWGCo="},"chainType":1,"messageKeys":{}}},"pendingPreKey":{"signedKeyId":1,"baseKey":"BamGTt8sexKTv4TifzKHUIhh3lx2a62XBhPAqPRY0JxN","preKeyId":16496868}},"BSakv9VJZ/Qy0sPZNXiulZB1z0OjPg8i+xkrsdHgDHEh":{"registrationId":161125748,"currentRatchet":{"ephemeralKeyPair":{"pubKey":"BW4bRPC/WB3TO0hLCv+X/tdq5wmdfD4SQDj6jSV9gJ0o","privKey":"sMSNUFFWoxjbeQ6fm9Pz3tgYmmn0kF19MWXWsU7uJGw="},"lastRemoteEphemeralKey":"BfTjzSyo3Sl1d9E6bMYR74+T4eGZpN4TBT9s+v07SdkH","previousCounter":0,"rootKey":"bUir2HXSJpVEgx/NkcIiC9hLzmhAY7JP5nESNqofcos="},"indexInfo":{"baseKey":"BSakv9VJZ/Qy0sPZNXiulZB1z0OjPg8i+xkrsdHgDHEh","baseKeyType":1,"closed":-1,"used":1735566889273,"created":1735566889273,"remoteIdentityKey":"BYrPEffJebQyjtM+/h1NisUY9i0I9epansqxdxEej5Z/"},"_chains":{"BW4bRPC/WB3TO0hLCv+X/tdq5wmdfD4SQDj6jSV9gJ0o":{"chainKey":{"counter":0,"key":"/6MJVs9YGRikL9eCWZRPsFNvZjg+zZBLjTsCpUgdX1I="},"chainType":1,"messageKeys":{}}},"pendingPreKey":{"signedKeyId":1,"baseKey":"BSakv9VJZ/Qy0sPZNXiulZB1z0OjPg8i+xkrsdHgDHEh","preKeyId":16497563}}},"version":"v1"}