{"_sessions":{"BfNyZGG3/aBSoWReKCUoTMAv4O210lbwDT+Zyds2A2gs":{"registrationId":241401473,"currentRatchet":{"ephemeralKeyPair":{"pubKey":"Be6csA+vjjR7s6ApgQGhuqvrwxZeXaXtvECFInWhQNAd","privKey":"AH4Nm/Dbp83kMCPybftOMtAjQRlOj+oKgQscXTVCU1M="},"lastRemoteEphemeralKey":"BQNiwhgczAc6hEefFaPqP0tLXDVqtpPdELZy5CWMTiNX","previousCounter":0,"rootKey":"RadtqEgZDTAslHi5iEXVKu0gjwUnmr8l9Xv3es+M77U="},"indexInfo":{"baseKey":"BfNyZGG3/aBSoWReKCUoTMAv4O210lbwDT+Zyds2A2gs","baseKeyType":1,"closed":1735566889405,"used":1735566888489,"created":1735566888489,"remoteIdentityKey":"BcVjgwHm8r1oQ479QS0O0n8d9VW6M5xMNBT5Lej6MSI9"},"_chains":{"Be6csA+vjjR7s6ApgQGhuqvrwxZeXaXtvECFInWhQNAd":{"chainKey":{"counter":0,"key":"v+TV6eS/2flqZVE7pJqi2BJ90t3cx84RLr9sbfg7MeU="},"chainType":1,"messageKeys":{}}},"pendingPreKey":{"signedKeyId":4,"baseKey":"BfNyZGG3/aBSoWReKCUoTMAv4O210lbwDT+Zyds2A2gs","preKeyId":4008227}},"BeOwucYXbXFz4QBODNjeNYFWEckHlnKo7R7bGLgi6xsI":{"registrationId":241401473,"currentRatchet":{"ephemeralKeyPair":{"pubKey":"BTbeUmc4wsOeCiS/lMPnZCPNGyHpNXg6GMMSZ6mQ2G5C","privKey":"qB55FzLASSD5DAEb5tUDAu6cyyrcVAEu33kn8CDiq1M="},"lastRemoteEphemeralKey":"BQNiwhgczAc6hEefFaPqP0tLXDVqtpPdELZy5CWMTiNX","previousCounter":0,"rootKey":"FVh1Vms2+BsiXR7GrJwjaiU192r71m6QwOEdzgKAR/g="},"indexInfo":{"baseKey":"BeOwucYXbXFz4QBODNjeNYFWEckHlnKo7R7bGLgi6xsI","baseKeyType":1,"closed":-1,"used":1735566889323,"created":1735566889323,"remoteIdentityKey":"BcVjgwHm8r1oQ479QS0O0n8d9VW6M5xMNBT5Lej6MSI9"},"_chains":{"BTbeUmc4wsOeCiS/lMPnZCPNGyHpNXg6GMMSZ6mQ2G5C":{"chainKey":{"counter":0,"key":"aYMGac+l4hhwl/1WqzA3xeW+2/J2R3PYjcp+Gre3u8M="},"chainType":1,"messageKeys":{}}},"pendingPreKey":{"signedKeyId":4,"baseKey":"BeOwucYXbXFz4QBODNjeNYFWEckHlnKo7R7bGLgi6xsI","preKeyId":4008949}}},"version":"v1"}