{"_sessions":{"BWYg/aJFO4b3A86659l66g+gA+rbcA5A5vdhtWvcdBkF":{"registrationId":1582634288,"currentRatchet":{"ephemeralKeyPair":{"pubKey":"Bf7g18yGqzPDFxvsAMXNAZJiqiYq++VRbc9SlN45vTR8","privKey":"kJSRHTPbtaEYDO9LjvpsUonqtI54Vi3CF0zqyNbZcVQ="},"lastRemoteEphemeralKey":"BY6ZyLHNJ7CO/q683YP7uacFr9xHaxqQx/3NMhqwfC4L","previousCounter":0,"rootKey":"rphlmwAn3PMxKP4iAxEIULaGSx6bQr6/6slCct1PNxM="},"indexInfo":{"baseKey":"BWYg/aJFO4b3A86659l66g+gA+rbcA5A5vdhtWvcdBkF","baseKeyType":1,"closed":-1,"used":1735566523250,"created":1735544655572,"remoteIdentityKey":"BfarlRJL791kQuRQpitnriTt4gIl5zx2H7rD4eIibyNp"},"_chains":{"BY6ZyLHNJ7CO/q683YP7uacFr9xHaxqQx/3NMhqwfC4L":{"chainKey":{"counter":1,"key":"+abuZPCWqFN3xF58oYBeLA9qxng+UWFAuiH4S02/OEY="},"chainType":2,"messageKeys":{}},"Bf7g18yGqzPDFxvsAMXNAZJiqiYq++VRbc9SlN45vTR8":{"chainKey":{"counter":2,"key":"NT02/7yO5XwEhfAFhstkXK/+uFm1sEvSgzVN+/z8aSE="},"chainType":1,"messageKeys":{}}}}},"version":"v1"}