{"_sessions":{"BbKKG7KLk83PKYYbikQd9a2JGResfH86+R4MTw0BteZL":{"registrationId":2035185124,"currentRatchet":{"ephemeralKeyPair":{"pubKey":"Bardpi+COl3YWUVTQ1m2/Vf5yr+LTWd1hFcmy99nYIVk","privKey":"kOD3vFTcU0eG8M+lQwIoa9XT9r0czUKHN5nx17sRn0c="},"lastRemoteEphemeralKey":"BdZAFlLRywOeSMYsD1m1kTds6e3ODt/EhZ6YrhYZq7AA","previousCounter":0,"rootKey":"Y4EsbSpl7Z8+LmFCu7344lREGE+5q2pr7bep6uUScu4="},"indexInfo":{"baseKey":"BbKKG7KLk83PKYYbikQd9a2JGResfH86+R4MTw0BteZL","baseKeyType":2,"closed":-1,"used":1735570368358,"created":1735570368358,"remoteIdentityKey":"BZfFnUgYSQz6x4UuYNPTrNsgkTnmDJz9QHXKwGf75nkD"},"_chains":{"BdZAFlLRywOeSMYsD1m1kTds6e3ODt/EhZ6YrhYZq7AA":{"chainKey":{"counter":3,"key":"BoEtUTcHGX5L0doX8t7uV7jp3ngSyUHfd3vIQzhbis8="},"chainType":2,"messageKeys":{}},"Bardpi+COl3YWUVTQ1m2/Vf5yr+LTWd1hFcmy99nYIVk":{"chainKey":{"counter":0,"key":"/VKZi0PoIiVRy1PkwiJWRC33Z55apxPhPCkb1YInVRU="},"chainType":1,"messageKeys":{}}}}},"version":"v1"}