{"_sessions":{"BQS4wURtApncWeiuzkA2LPd+RXyOvKGCSQkPk1y/ugcW":{"registrationId":1499304929,"currentRatchet":{"ephemeralKeyPair":{"pubKey":"Bdv3Sd4sjYmi8vZdfRG0KXcmxHNA35v/XtXLc1mF9jgi","privKey":"UK9jAuz0p6ZzvBHabFTEmmrlkCSpNsELfvSHxOeZm1o="},"lastRemoteEphemeralKey":"BbrlbmJvzeFuISH0apKvxNgihFD2tYoN3lTL6wZ0/lcg","previousCounter":0,"rootKey":"kRPDxp32VL1hy1F4qzrFQU48OYIqnvweukRxqHV2AsY="},"indexInfo":{"baseKey":"BQS4wURtApncWeiuzkA2LPd+RXyOvKGCSQkPk1y/ugcW","baseKeyType":1,"closed":1735566889415,"used":1735566888516,"created":1735566888516,"remoteIdentityKey":"BXQXCqXarspvt7pnXq4j52BvBB9B6OXhFEci+/UJ/ZJ2"},"_chains":{"Bdv3Sd4sjYmi8vZdfRG0KXcmxHNA35v/XtXLc1mF9jgi":{"chainKey":{"counter":0,"key":"PxLNCuvv1T7ixGhRwJmJlOOJeob97F+yarhlcEDOr28="},"chainType":1,"messageKeys":{}}},"pendingPreKey":{"signedKeyId":3,"baseKey":"BQS4wURtApncWeiuzkA2LPd+RXyOvKGCSQkPk1y/ugcW","preKeyId":10498410}},"BWXwgaOmO2UJiAF/d99cixkBTtS7pWiYoDbvIBgWrSpU":{"registrationId":1499304929,"currentRatchet":{"ephemeralKeyPair":{"pubKey":"BTZzub23RcmUel6Cw52yTwFoKEPUyQ9NLGBWQhpsv10m","privKey":"YHfx32xAFVxYmZj/a1hunZWYalxNJJCXvdL4/OEx828="},"lastRemoteEphemeralKey":"BbrlbmJvzeFuISH0apKvxNgihFD2tYoN3lTL6wZ0/lcg","previousCounter":0,"rootKey":"fsZXRg3jG6MdsI75WJI3rVANeuE3UKgcxBcFId8kY34="},"indexInfo":{"baseKey":"BWXwgaOmO2UJiAF/d99cixkBTtS7pWiYoDbvIBgWrSpU","baseKeyType":1,"closed":-1,"used":1735566889352,"created":1735566889352,"remoteIdentityKey":"BXQXCqXarspvt7pnXq4j52BvBB9B6OXhFEci+/UJ/ZJ2"},"_chains":{"BTZzub23RcmUel6Cw52yTwFoKEPUyQ9NLGBWQhpsv10m":{"chainKey":{"counter":0,"key":"btrwCx8sfTsSLpaSMRFBllooLHz9VsGo0/ovuUMI4H8="},"chainType":1,"messageKeys":{}}},"pendingPreKey":{"signedKeyId":3,"baseKey":"BWXwgaOmO2UJiAF/d99cixkBTtS7pWiYoDbvIBgWrSpU","preKeyId":10498695}}},"version":"v1"}