{"_sessions":{"BRDVjVPFGByII8g5zjyL1NmTUY6IM4xttX2H5Fga38Jp":{"registrationId":254782858,"currentRatchet":{"ephemeralKeyPair":{"pubKey":"BVzrhbAZwjAKcesKCBomY9dHOULXktkYIqguD9xRQo8R","privKey":"2Hl2frs7MpjICVF+PA7lFph+6vwV1yfsEgxY4QThglA="},"lastRemoteEphemeralKey":"Bea0AP1ABUZwK1fdxBnuEgpbb7+TenGdTTD9QXKOtP4O","previousCounter":0,"rootKey":"DfauOWCrv7FYsx8PgWRP+ocpCoi8BleeKXP7gbiYtzw="},"indexInfo":{"baseKey":"BRDVjVPFGByII8g5zjyL1NmTUY6IM4xttX2H5Fga38Jp","baseKeyType":1,"closed":1735566889382,"used":1735566888417,"created":1735566888417,"remoteIdentityKey":"BTyvbYlva+FSxulV0huDuMlcx6g026uv91klXaOZjm0o"},"_chains":{"BVzrhbAZwjAKcesKCBomY9dHOULXktkYIqguD9xRQo8R":{"chainKey":{"counter":0,"key":"as9+/PPWltYpiK5ArpYxuxPDxF9damaTayWQZVNV93E="},"chainType":1,"messageKeys":{}}},"pendingPreKey":{"signedKeyId":1,"baseKey":"BRDVjVPFGByII8g5zjyL1NmTUY6IM4xttX2H5Fga38Jp"}},"BSFIKvhXgOna+VxPax2HaV06ex75Ap+s8BvaJtyDdeMR":{"registrationId":254782858,"currentRatchet":{"ephemeralKeyPair":{"pubKey":"BVYexBuIPbbWsm3Ac0WQdbcXeYJtK82b9NF2R6dxLK4z","privKey":"+OVmoY4nAK5av83VSTBkMZ5yYt0c/DgNAtllhX6w3m8="},"lastRemoteEphemeralKey":"Bea0AP1ABUZwK1fdxBnuEgpbb7+TenGdTTD9QXKOtP4O","previousCounter":0,"rootKey":"sI9sxID1YMv3hmrLfdmT//20Th7BpMwLcukLiaklD6U="},"indexInfo":{"baseKey":"BSFIKvhXgOna+VxPax2HaV06ex75Ap+s8BvaJtyDdeMR","baseKeyType":1,"closed":-1,"used":1735566889256,"created":1735566889256,"remoteIdentityKey":"BTyvbYlva+FSxulV0huDuMlcx6g026uv91klXaOZjm0o"},"_chains":{"BVYexBuIPbbWsm3Ac0WQdbcXeYJtK82b9NF2R6dxLK4z":{"chainKey":{"counter":0,"key":"EdRMTtTwZk/RXoB+Ghn8xQ7MPI1RqjLmxr5wKOlCVho="},"chainType":1,"messageKeys":{}}},"pendingPreKey":{"signedKeyId":1,"baseKey":"BSFIKvhXgOna+VxPax2HaV06ex75Ap+s8BvaJtyDdeMR"}}},"version":"v1"}