{"_sessions":{"BaYvVyoSSwroKS747w8MaboSyBjLCq0rmeUr8r6v0M52":{"registrationId":27,"currentRatchet":{"ephemeralKeyPair":{"pubKey":"Bb9GSRzsq2/mfTIe94yB13cA+Ik9skjIzqH07AKmpM1i","privKey":"YBjewxqeMqNw31kccQ+0cisyliklV+JXwxt4tKj3Dm8="},"lastRemoteEphemeralKey":"BciQ9Fx6m45Qw+bLsrx4rVbvMxup38p2FvmSMCLR82hV","previousCounter":0,"rootKey":"MqhCu1f1Dh8NK4KegvSyQdwR1cRUr5Ry/maCPcU5sjo="},"indexInfo":{"baseKey":"BaYvVyoSSwroKS747w8MaboSyBjLCq0rmeUr8r6v0M52","baseKeyType":1,"closed":-1,"used":1735572057665,"created":1735572057665,"remoteIdentityKey":"BU5rYGDygfy4JLEkXEtPzfqNHpITfxEXsGz8RBa75OdA"},"_chains":{"Bb9GSRzsq2/mfTIe94yB13cA+Ik9skjIzqH07AKmpM1i":{"chainKey":{"counter":0,"key":"0smHbkNpZHXcgBLN2vP3qwU4Wt6RhvoeuEfszmsnlyg="},"chainType":1,"messageKeys":{}}},"pendingPreKey":{"signedKeyId":1,"baseKey":"BaYvVyoSSwroKS747w8MaboSyBjLCq0rmeUr8r6v0M52","preKeyId":23}}},"version":"v1"}