{"_sessions":{"BXtQcXqPZu7TMR3Unv5oRDlWPKmFvmFrHRk3qYKvOiYL":{"registrationId":1257640073,"currentRatchet":{"ephemeralKeyPair":{"pubKey":"BUxsp1NbvykUXS8cTDFFw0ub3cPJXZkF0CM68CQiySlw","privKey":"qL0HAgiBDHnXyollMSpxZhh+A/qFr66nNGoxbK4FrkQ="},"lastRemoteEphemeralKey":"BcAF18eu7hIwP91IRLxXqCquKQUp3QmgjtmdZwZwuHEM","previousCounter":0,"rootKey":"sHXieV1pyWhHuaRe0ftSc/MN6tTTPN9cssPB/yc1elg="},"indexInfo":{"baseKey":"BXtQcXqPZu7TMR3Unv5oRDlWPKmFvmFrHRk3qYKvOiYL","baseKeyType":1,"closed":1735566889391,"used":1735566888444,"created":1735566888444,"remoteIdentityKey":"BUPsS8WMuMHOPMU+wIzPVw4+jxBQ8pVTT1xOwbE4uLxN"},"_chains":{"BUxsp1NbvykUXS8cTDFFw0ub3cPJXZkF0CM68CQiySlw":{"chainKey":{"counter":0,"key":"GNa1ke2raQ+K/JC+4SDjBoQUT2twdS0uA1XtnqunsP0="},"chainType":1,"messageKeys":{}}},"pendingPreKey":{"signedKeyId":1,"baseKey":"BXtQcXqPZu7TMR3Unv5oRDlWPKmFvmFrHRk3qYKvOiYL","preKeyId":7456534}},"BWOcmo2iH0lqF0v9hfr9/bSA5RMBaI1rsGX3U+5Z/EI2":{"registrationId":1257640073,"currentRatchet":{"ephemeralKeyPair":{"pubKey":"BRN5b6Xu7GUNKOaq6giOxCZL85Gl6WCOI7IC6UlwYXML","privKey":"CO5158+1a8u9i75bN/eC4ROxhJ+27Ff0EZJ8KNvTYUs="},"lastRemoteEphemeralKey":"BcAF18eu7hIwP91IRLxXqCquKQUp3QmgjtmdZwZwuHEM","previousCounter":0,"rootKey":"cGUD+WL1a9J7QQvegHGP3g/jyCQRrrp3vfc/+xDCpG8="},"indexInfo":{"baseKey":"BWOcmo2iH0lqF0v9hfr9/bSA5RMBaI1rsGX3U+5Z/EI2","baseKeyType":1,"closed":-1,"used":1735566889282,"created":1735566889282,"remoteIdentityKey":"BUPsS8WMuMHOPMU+wIzPVw4+jxBQ8pVTT1xOwbE4uLxN"},"_chains":{"BRN5b6Xu7GUNKOaq6giOxCZL85Gl6WCOI7IC6UlwYXML":{"chainKey":{"counter":0,"key":"kSOls99dnutOHnZmFE81rAL6yUxhU6bZz0pNqTdujqw="},"chainType":1,"messageKeys":{}}},"pendingPreKey":{"signedKeyId":1,"baseKey":"BWOcmo2iH0lqF0v9hfr9/bSA5RMBaI1rsGX3U+5Z/EI2","preKeyId":7455745}}},"version":"v1"}