{"_sessions":{"BTrhuU6sNy9iJUBVz887R5CkajTMeidMQDZexuVtiqlP":{"registrationId":1482444203,"currentRatchet":{"ephemeralKeyPair":{"pubKey":"Bb6o1o6h2I7m6TqJhgifeXNcyKchmwU0QJlInFWEzK81","privKey":"AJAfiXkN9fXDDXlw/NUhCY7ey+pj7yOdyntqk5ct83k="},"lastRemoteEphemeralKey":"BVk45fj5j0cfgip+9Rl/Kfcbpfaqj35vEDNq617XQgQr","previousCounter":0,"rootKey":"Iehq2andg+dkU2A+vwfDHljoQpqHlFKFFfwCYPvG6xI="},"indexInfo":{"baseKey":"BTrhuU6sNy9iJUBVz887R5CkajTMeidMQDZexuVtiqlP","baseKeyType":1,"closed":-1,"used":1735544655561,"created":1735544655561,"remoteIdentityKey":"BdIh0QB9FsOrO/G7GX9kPb3HBxZCcBXaF5sEV8KxJT1C"},"_chains":{"Bb6o1o6h2I7m6TqJhgifeXNcyKchmwU0QJlInFWEzK81":{"chainKey":{"counter":2,"key":"MOK3Jj9pmrIP5ec3517p0woYwp/IO7XqCsmbQulvtj0="},"chainType":1,"messageKeys":{}}},"pendingPreKey":{"signedKeyId":20,"baseKey":"BTrhuU6sNy9iJUBVz887R5CkajTMeidMQDZexuVtiqlP","preKeyId":11765343}}},"version":"v1"}