{"_sessions":{"BT+GiZl7TJc2xK65BhRRLaJSmnsBE2jFNK38bEZd/cga":{"registrationId":102,"currentRatchet":{"ephemeralKeyPair":{"pubKey":"BZEmxpzHss0LzrCknDuQZCVenLqvNFMpzJDErVZhgnMT","privKey":"ILG8BNt0tiHBiKMSWhuyomzQiE5QXYJd9Qm07FmyAX4="},"lastRemoteEphemeralKey":"BRPB/Kgcu1e/bb6l+QMgRSFYrR69rSx4N37YHNzkqcMl","previousCounter":0,"rootKey":"3hdQuh6BcXVS0kKaRt9S2fY1En/7zVQTMEvcqcOb6AY="},"indexInfo":{"baseKey":"BT+GiZl7TJc2xK65BhRRLaJSmnsBE2jFNK38bEZd/cga","baseKeyType":2,"closed":1735568399787,"used":1735566524379,"created":1735566524379,"remoteIdentityKey":"BXRM+Kq01OqJJz6DMY+g5FIv/ghMr4FUaN5LrFWR/TwD"},"_chains":{"BRPB/Kgcu1e/bb6l+QMgRSFYrR69rSx4N37YHNzkqcMl":{"chainKey":{"counter":1,"key":"OrFWNjKpkXj8KiD7V27mdvl6STPpvZfwb4kob7yFPko="},"chainType":2,"messageKeys":{}},"BZEmxpzHss0LzrCknDuQZCVenLqvNFMpzJDErVZhgnMT":{"chainKey":{"counter":1,"key":"pA67Yf5OUvULe3sL89GHo3cxdUDIE0psGpGUZd5Y+wQ="},"chainType":1,"messageKeys":{}}}},"BYSSwbAJAo/FbDFxPOjIsapExPgrMags9fcca+J3L5wc":{"registrationId":102,"currentRatchet":{"ephemeralKeyPair":{"pubKey":"BcqVqC8EMt2kk27j+BBIliQCsq+dhlfKARhO/o758XJn","privKey":"gMa20Oq3SpvqwM/70VG/J/HoFy2ciD5jD5otp259PVA="},"lastRemoteEphemeralKey":"BTIZyISBAnc/jbZx8qnVsHy7V8kEt62YzipLhxqN6QBK","previousCounter":0,"rootKey":"fSBE/oHQt4y6cPFLhqk8RWbe9WTcxh7RNPHN6YZpnkA="},"indexInfo":{"baseKey":"BYSSwbAJAo/FbDFxPOjIsapExPgrMags9fcca+J3L5wc","baseKeyType":2,"closed":1735573633313,"used":1735568399798,"created":1735568399798,"remoteIdentityKey":"BXRM+Kq01OqJJz6DMY+g5FIv/ghMr4FUaN5LrFWR/TwD"},"_chains":{"BTIZyISBAnc/jbZx8qnVsHy7V8kEt62YzipLhxqN6QBK":{"chainKey":{"counter":1,"key":"qj5pDL4ChXjevOAU5vbU/T7sXppu8OUKlZSB8d+xYjA="},"chainType":2,"messageKeys":{"0":"IzR8E0aLR96PmBWQlg/wsEHugMACJjPzwfT0KX2IuWQ="}},"BcqVqC8EMt2kk27j+BBIliQCsq+dhlfKARhO/o758XJn":{"chainKey":{"counter":0,"key":"m8HU9N8LujO2E0RA7OiyTXWpaCdFoz+EoDgCGfkr1Ig="},"chainType":1,"messageKeys":{}}}},"BfO3t1Rna/WvVOvYQESobyoovKtbyCPnRlJZ7r09XcUV":{"registrationId":102,"currentRatchet":{"ephemeralKeyPair":{"pubKey":"BUF6dXI1XsQJJEO09KoxOeDZgCz2jeBzD2yz7a36Lado","privKey":"ODp01OCuM8CK6lCVUpas5xiMXfAWF1B0aG1WNL7oZ1k="},"lastRemoteEphemeralKey":"Beq4C8RO5AIeS/wrIGkJPsZ2693G+MYeb4g984U9IJYo","previousCounter":0,"rootKey":"vrPPmDao648/d8T0Pp0IV8l9IxS02F3+p0Y+AY8MzYQ="},"indexInfo":{"baseKey":"BfO3t1Rna/WvVOvYQESobyoovKtbyCPnRlJZ7r09XcUV","baseKeyType":2,"closed":-1,"used":1735573633325,"created":1735573633325,"remoteIdentityKey":"BXRM+Kq01OqJJz6DMY+g5FIv/ghMr4FUaN5LrFWR/TwD"},"_chains":{"Beq4C8RO5AIeS/wrIGkJPsZ2693G+MYeb4g984U9IJYo":{"chainKey":{"counter":1,"key":"zlqoCMj8iTbAys4yIrnYh4asLig/V//v6sr5tyHs6ns="},"chainType":2,"messageKeys":{"0":"2h18F4P9mEe5RecR3pG+GnPtznKPh+3FxBm1nKqK4yk="}},"BUF6dXI1XsQJJEO09KoxOeDZgCz2jeBzD2yz7a36Lado":{"chainKey":{"counter":0,"key":"kvEqlLNzZ1gSWohVRxDIsYxEDT6xCLp1/mY4NMOkkT8="},"chainType":1,"messageKeys":{}}}}},"version":"v1"}