{"_sessions":{"BRjaOrfzIgM/sXLF5Y6+qhTed/v3lNJmw2B94ow/Clxx":{"registrationId":145162436,"currentRatchet":{"ephemeralKeyPair":{"pubKey":"BVLGtCIaPHB0zx6tS/QgQE7P2j4eTusvmxenWqJngVZL","privKey":"wHdhDb1JIRyV+YXKn8ey5xI4pid8Dr1YbctdgKZ/a24="},"lastRemoteEphemeralKey":"BbS5Y9/ioMj7sJZfknp6A2UmJKGQn5fmPh1Z0GltJyQf","previousCounter":0,"rootKey":"BmM6ifSvfBEjD6do4y+Zxw32SbGwH0cNuUdqrCgMZik="},"indexInfo":{"baseKey":"BRjaOrfzIgM/sXLF5Y6+qhTed/v3lNJmw2B94ow/Clxx","baseKeyType":1,"closed":1735566889420,"used":1735566888533,"created":1735566888533,"remoteIdentityKey":"BaX8ONac4d8HnY/UW6HsSZfHwbfLJjM/5+WkP4QuF29P"},"_chains":{"BVLGtCIaPHB0zx6tS/QgQE7P2j4eTusvmxenWqJngVZL":{"chainKey":{"counter":0,"key":"I8z7bHd60gUv5Z9KQH5rwtGMVGXreVdCBI+Z54UgtBk="},"chainType":1,"messageKeys":{}}},"pendingPreKey":{"signedKeyId":11,"baseKey":"BRjaOrfzIgM/sXLF5Y6+qhTed/v3lNJmw2B94ow/Clxx","preKeyId":10618447}},"BUzCWKyhgCpYZSXnUjXO5f5lRPnAovdyTi9WpBpMpf95":{"registrationId":145162436,"currentRatchet":{"ephemeralKeyPair":{"pubKey":"BQTMtOgSjt4wmLRuBhdoMhpRBRufken09SwwYdptusgq","privKey":"mLZNNYhSbAGLgvYXROzFS/gGPGJ5LrMUwLI1oiyLg0o="},"lastRemoteEphemeralKey":"BbS5Y9/ioMj7sJZfknp6A2UmJKGQn5fmPh1Z0GltJyQf","previousCounter":0,"rootKey":"QIzVbUPD4VVwKY7m6qt1WGMw4pxNctjHv+pluLSQ8Qw="},"indexInfo":{"baseKey":"BUzCWKyhgCpYZSXnUjXO5f5lRPnAovdyTi9WpBpMpf95","baseKeyType":1,"closed":-1,"used":1735566889371,"created":1735566889371,"remoteIdentityKey":"BaX8ONac4d8HnY/UW6HsSZfHwbfLJjM/5+WkP4QuF29P"},"_chains":{"BQTMtOgSjt4wmLRuBhdoMhpRBRufken09SwwYdptusgq":{"chainKey":{"counter":0,"key":"IDuWx0VJicjN4/94QirnxAlYEFcBXN6RuAAO+JClHRA="},"chainType":1,"messageKeys":{}}},"pendingPreKey":{"signedKeyId":11,"baseKey":"BUzCWKyhgCpYZSXnUjXO5f5lRPnAovdyTi9WpBpMpf95","preKeyId":10618352}}},"version":"v1"}