{"_sessions":{"BfYI0iKLzPyR+VA7iABI3ccNc8mXe2gU+Zardh3KWWhB":{"registrationId":1789311646,"currentRatchet":{"ephemeralKeyPair":{"pubKey":"BWRYTfOA4br1C7Ov78vcds/7pYQbixkOxSp+xJzluYxu","privKey":"QH3vEOLIj8NEdYsSh/UZSc+PDZsQwvsNZNV+Y3vJolE="},"lastRemoteEphemeralKey":"BWcj+MM9rJ+EcUQADkACYUqp//pyUb2qV7YNCARd5nhd","previousCounter":0,"rootKey":"3A24lf38eTSw1+u7WEeldiTZl+66G9Azgd4JeSpa7Us="},"indexInfo":{"baseKey":"BfYI0iKLzPyR+VA7iABI3ccNc8mXe2gU+Zardh3KWWhB","baseKeyType":2,"closed":-1,"used":1735566819982,"created":1735566819982,"remoteIdentityKey":"BfP9np+LayPjV5YuI57PIfwCBzl//shxNKJ1P0PMaflh"},"_chains":{"BWcj+MM9rJ+EcUQADkACYUqp//pyUb2qV7YNCARd5nhd":{"chainKey":{"counter":2,"key":"HH7gLWYa3VtmMInKHjBae8I6IisKVR9XXCI54SluuME="},"chainType":2,"messageKeys":{}},"BWRYTfOA4br1C7Ov78vcds/7pYQbixkOxSp+xJzluYxu":{"chainKey":{"counter":-1,"key":"RiOv8YfpK3DBy0MflCopW4WF72e852r5jdqVudJtv6Q="},"chainType":1,"messageKeys":{}}}}},"version":"v1"}