{"_sessions":{"BSlxSzADT2NR+mlA+8U3tZVXnLv7WKbxpny1+9gOxdlC":{"registrationId":1407175861,"currentRatchet":{"ephemeralKeyPair":{"pubKey":"Ba3Is34NSmQFZ7lgz0YTrjDVMh1xzBH+bjdtLlmuuvAu","privKey":"oB9XxgUj1NMP66WYVqoAg7+sFPhipsc6fj2A0oY+OHk="},"lastRemoteEphemeralKey":"BbxOZEj7ap5iM0Kpu4msOLUKlzfFuhlGQ2hx+gOoFDVC","previousCounter":0,"rootKey":"Bv92YlJfU3TqP4mKKmR5o2ZAHlNiYtCjo/5Y0xHe8kA="},"indexInfo":{"baseKey":"BSlxSzADT2NR+mlA+8U3tZVXnLv7WKbxpny1+9gOxdlC","baseKeyType":1,"closed":1735566889399,"used":1735566888471,"created":1735566888471,"remoteIdentityKey":"Bdq4wG0aR2NigwQv4wYmVQqVYjPD1IR4Yu+tP+rjv8xy"},"_chains":{"Ba3Is34NSmQFZ7lgz0YTrjDVMh1xzBH+bjdtLlmuuvAu":{"chainKey":{"counter":0,"key":"KXQ30ZyPvHFXozJeHaC0wEdYR3KctaR8kIbrYCP4B3E="},"chainType":1,"messageKeys":{}}},"pendingPreKey":{"signedKeyId":5,"baseKey":"BSlxSzADT2NR+mlA+8U3tZVXnLv7WKbxpny1+9gOxdlC","preKeyId":174119}},"BeadDcJ0b0+4A2s1BeO2sWOY1tg9w7Ht/RwjhgnN9qIv":{"registrationId":1407175861,"currentRatchet":{"ephemeralKeyPair":{"pubKey":"BcOAlIRXZdepWoVEzGpjO09YRGeR0nBGlK5ikG5nYjlg","privKey":"6EY2lyPvghYTwRSKNxjfYTWW0Etw9qPumQ85RcqOh04="},"lastRemoteEphemeralKey":"BbxOZEj7ap5iM0Kpu4msOLUKlzfFuhlGQ2hx+gOoFDVC","previousCounter":0,"rootKey":"/rS+gFNfyv8zYewAoNGdBd07oxF2dmBHls7pGuQ3IFo="},"indexInfo":{"baseKey":"BeadDcJ0b0+4A2s1BeO2sWOY1tg9w7Ht/RwjhgnN9qIv","baseKeyType":1,"closed":-1,"used":1735566889307,"created":1735566889307,"remoteIdentityKey":"Bdq4wG0aR2NigwQv4wYmVQqVYjPD1IR4Yu+tP+rjv8xy"},"_chains":{"BcOAlIRXZdepWoVEzGpjO09YRGeR0nBGlK5ikG5nYjlg":{"chainKey":{"counter":0,"key":"y6awbqpmtmRWdD8r4e/vKTeTzQFjrV/dSNHWIVcA8iE="},"chainType":1,"messageKeys":{}}},"pendingPreKey":{"signedKeyId":5,"baseKey":"BeadDcJ0b0+4A2s1BeO2sWOY1tg9w7Ht/RwjhgnN9qIv","preKeyId":173961}}},"version":"v1"}