{"_sessions":{"BXHRdD3YLbmPCFjJ+YQrnMwRLKRzlUC9JGWznfTcBn9q":{"registrationId":714096888,"currentRatchet":{"ephemeralKeyPair":{"pubKey":"BerSM3/IIDtkn4x8uY2deKmcKmji8WdeZgOzEqrGrv0/","privKey":"aCzxb9ndeRy4PGHLyt3ns2d/82Agwhuu8PP5j/YSa1I="},"lastRemoteEphemeralKey":"BW9lP4A5nPzybNc2W4Y6djEL8yCc2g6VKRuigCyDzrxk","previousCounter":0,"rootKey":"x5KKY938DxSbiLrCLKrSiM4MpOUfAB6MZgd/MUi0mfA="},"indexInfo":{"baseKey":"BXHRdD3YLbmPCFjJ+YQrnMwRLKRzlUC9JGWznfTcBn9q","baseKeyType":2,"closed":-1,"used":1735544599341,"created":1735544599341,"remoteIdentityKey":"BYNjKjKD3CjFemO72VzCF/eTsQ9tfbUP4tWfy1LFQ3Mq"},"_chains":{"BW9lP4A5nPzybNc2W4Y6djEL8yCc2g6VKRuigCyDzrxk":{"chainKey":{"counter":3,"key":"jKAxrcgrTyQxxQxgaUtVcCT820kEUM4mMfPQqkOW/cQ="},"chainType":2,"messageKeys":{}},"BerSM3/IIDtkn4x8uY2deKmcKmji8WdeZgOzEqrGrv0/":{"chainKey":{"counter":1,"key":"zbEOlsfoLvgQQsoxnKds0XCMENYe0IP/ehUVO8s34mI="},"chainType":1,"messageKeys":{}}}}},"version":"v1"}