{"_sessions":{"BQSGj56t7USd7ZwyxJqszDFYeKAP4vKMc+/IqeoClicp":{"registrationId":938345846,"currentRatchet":{"ephemeralKeyPair":{"pubKey":"BaGC6ZRJikMsh8B5KjmiyHd+bRiemKa3vcKpzwOunBxa","privKey":"iAPzt0er5axn4D+ak1bWMBCcF6jM7se+5+kA6hpLB2g="},"lastRemoteEphemeralKey":"BdcD1eqCl7MkXwua25GwQhUAB3qrk7v9xTOd3KwEy9IT","previousCounter":0,"rootKey":"JuJiMqVFpzJkHAhDUQz/cBvGGMfgnJ/ABhNOz0tOp9c="},"indexInfo":{"baseKey":"BQSGj56t7USd7ZwyxJqszDFYeKAP4vKMc+/IqeoClicp","baseKeyType":1,"closed":1735566889418,"used":1735566888525,"created":1735566888525,"remoteIdentityKey":"BTZsfop0vWZz+W7FdArL3DSgB+uiza+YZGbn7Uw2X11K"},"_chains":{"BaGC6ZRJikMsh8B5KjmiyHd+bRiemKa3vcKpzwOunBxa":{"chainKey":{"counter":0,"key":"oEkKXG3h6a5KXWGiFWhOsZ+AYOAix+bonccUustQY8Y="},"chainType":1,"messageKeys":{}}},"pendingPreKey":{"signedKeyId":3,"baseKey":"BQSGj56t7USd7ZwyxJqszDFYeKAP4vKMc+/IqeoClicp","preKeyId":1230150}},"BSM9DRbOV4flunSM9xpXEcWqtTcFxgjX5mz2ihAmJyJ8":{"registrationId":938345846,"currentRatchet":{"ephemeralKeyPair":{"pubKey":"BYgXGOdJcluzl0Hr+9zitY6f39RJPABw4eZdOnSPWcQU","privKey":"GHe+JEuAXpz+sVZ473dboSt9LgANgtIEAYXjSWYOOF0="},"lastRemoteEphemeralKey":"BdcD1eqCl7MkXwua25GwQhUAB3qrk7v9xTOd3KwEy9IT","previousCounter":0,"rootKey":"iKTzqnV51PR69B7hH69yz6Sv3NVkGfgmdICOzR1iZK4="},"indexInfo":{"baseKey":"BSM9DRbOV4flunSM9xpXEcWqtTcFxgjX5mz2ihAmJyJ8","baseKeyType":1,"closed":-1,"used":1735566889361,"created":1735566889361,"remoteIdentityKey":"BTZsfop0vWZz+W7FdArL3DSgB+uiza+YZGbn7Uw2X11K"},"_chains":{"BYgXGOdJcluzl0Hr+9zitY6f39RJPABw4eZdOnSPWcQU":{"chainKey":{"counter":0,"key":"xd5QH57l3EM6RUf/zs3eJa0nIiDiWRTuXmdQGjHbRzY="},"chainType":1,"messageKeys":{}}},"pendingPreKey":{"signedKeyId":3,"baseKey":"BSM9DRbOV4flunSM9xpXEcWqtTcFxgjX5mz2ihAmJyJ8","preKeyId":1230117}}},"version":"v1"}