{"_sessions":{"BUWxfTUJcuKsvVQ0EzLeFw1UIjCCKnZ0CDIc+6ovDfJM":{"registrationId":540115281,"currentRatchet":{"ephemeralKeyPair":{"pubKey":"BZpvhjW75Jk+KxnIsb8I9OX2YqXSehOy3SEesCu8KDRx","privKey":"cJgX2lC/X8JGv6gnUMsggT6rW0SWahWMxj1grbp4l3A="},"lastRemoteEphemeralKey":"BX8D1z+YYJakk3lGWJB736Fq0Lr2G+8d99t41j2JE/QF","previousCounter":0,"rootKey":"/3PnDN0dFngrY4D0fVkpp93jbXiA++6AcFqTvjWN//E="},"indexInfo":{"baseKey":"BUWxfTUJcuKsvVQ0EzLeFw1UIjCCKnZ0CDIc+6ovDfJM","baseKeyType":2,"closed":-1,"used":1735566820022,"created":1735566820022,"remoteIdentityKey":"BYs4YSUuYN0xT47N6F1KdxUm9MxBYEzmUJIXVNcrtK9Y"},"_chains":{"BX8D1z+YYJakk3lGWJB736Fq0Lr2G+8d99t41j2JE/QF":{"chainKey":{"counter":0,"key":"wj8tij4wQz3aAyU+BB4nsagn2sLGZOTQUOJ7SRab4KY="},"chainType":2,"messageKeys":{}},"BZpvhjW75Jk+KxnIsb8I9OX2YqXSehOy3SEesCu8KDRx":{"chainKey":{"counter":-1,"key":"HdPCi6wDTBhr3nNCE7HMGB50PX8c1pVb4szjr1NgLJ0="},"chainType":1,"messageKeys":{}}}}},"version":"v1"}