{"_sessions":{"BXGZUdNU4NJNS0IVPxDQe3vTkqgMB0FSgBilk3Bgejgw":{"registrationId":154,"currentRatchet":{"ephemeralKeyPair":{"pubKey":"BaGvP5IjthUrrYpIFwALj8zsgtCkKyJfJ+sHJOkjqkEz","privKey":"QIv/aeITrd6gad0eLwrzJAXUHO92O+tM7CIpda3tQW8="},"lastRemoteEphemeralKey":"Bb9v65kY2+LTy7qi7dJq03YbC22GeDIxzmGIxp2ZhnV9","previousCounter":0,"rootKey":"zy3ttH54VM7YPf9H8793M91zPOzPZxuq902IIyQjGWY="},"indexInfo":{"baseKey":"BXGZUdNU4NJNS0IVPxDQe3vTkqgMB0FSgBilk3Bgejgw","baseKeyType":2,"closed":-1,"used":1735570367837,"created":1735570367837,"remoteIdentityKey":"BY/qLHTKUWrNgQSmq34+wYglk77iYiClOY6xrCFzDIJJ"},"_chains":{"Bb9v65kY2+LTy7qi7dJq03YbC22GeDIxzmGIxp2ZhnV9":{"chainKey":{"counter":0,"key":"GDUqfqR4nqO3FR/pJYX2SHd+4jxzOHSvsG5UXzsimpk="},"chainType":2,"messageKeys":{}},"BaGvP5IjthUrrYpIFwALj8zsgtCkKyJfJ+sHJOkjqkEz":{"chainKey":{"counter":-1,"key":"lzeCWxe2ICtlO2qibyuLOxkqMwDP7v2qX4XsTpPj6Nw="},"chainType":1,"messageKeys":{}}}}},"version":"v1"}