{"_sessions":{"BZ12hH6X7U6ivX6UApH9Vm5d7JA/3OKkVKRgA2WMhqAD":{"registrationId":2076106402,"currentRatchet":{"ephemeralKeyPair":{"pubKey":"Bb6OYiYatQGumn15FbeORpO30FoG3Dk06AolxpKls7gq","privKey":"iGApm5CiyJwWn1ntbmsSO94+PU+WrbiuR/fOcOx69U4="},"lastRemoteEphemeralKey":"BRXspxlfrD1XtC4J4C/RLND6zNwxrMNimwSjohphB41L","previousCounter":0,"rootKey":"pr2fYvzvdGa8T71RTb9qVXI5Ey9+pG7WxKigBbzgRJc="},"indexInfo":{"baseKey":"BZ12hH6X7U6ivX6UApH9Vm5d7JA/3OKkVKRgA2WMhqAD","baseKeyType":2,"closed":-1,"used":1735570368258,"created":1735570368258,"remoteIdentityKey":"BSsSjyyfAln/tAU5UeKluT0jn6bTXApJSapyA5JAfoBV"},"_chains":{"BRXspxlfrD1XtC4J4C/RLND6zNwxrMNimwSjohphB41L":{"chainKey":{"counter":0,"key":"6jbDK+VEaGncfhXas0h+ZEjZ+abduQoUtYuWeXMfHkY="},"chainType":2,"messageKeys":{}},"Bb6OYiYatQGumn15FbeORpO30FoG3Dk06AolxpKls7gq":{"chainKey":{"counter":-1,"key":"d8xUFCwx9xWL9AWssnozuLwon3kUZJRCZTzfM4vwZhs="},"chainType":1,"messageKeys":{}}}}},"version":"v1"}