{"_sessions":{"BX4cipfnnOoEkZhK0I7XMFO8yME1xd2CboibivDEmSAj":{"registrationId":1372224783,"currentRatchet":{"ephemeralKeyPair":{"pubKey":"BeQFIsuzurKhSpy+ZDpKhkgPRDKQisVRIv09L/69k9th","privKey":"SLuWxiNEyqP8x4rxj+BwHhOknLCLTVatsAYUtk+D9Eo="},"lastRemoteEphemeralKey":"BRygO/kJ37BLK2zdRX4aKanCAvIXjemmXaLZM1/Id6R6","previousCounter":1,"rootKey":"+2yCARAMciRzcmr621Q8uUmEaxz65wyPhoMymThtMFg="},"indexInfo":{"baseKey":"BX4cipfnnOoEkZhK0I7XMFO8yME1xd2CboibivDEmSAj","baseKeyType":2,"closed":-1,"used":1735573639247,"created":1735542598332,"remoteIdentityKey":"BWKMQt8p1ha35dRtHYaqVpS1GqW57f5X7JZaToBQsQVF"},"_chains":{"BZt8vV+eieIUpQLh4DFQtrHNQkRMvuR9P6RHve9NCoZy":{"chainKey":{"counter":9},"chainType":2,"messageKeys":{}},"Bfql26nVEQ7ERypg0t2P3r8k6NH8+f/7lKdEsLNRGc89":{"chainKey":{"counter":1},"chainType":2,"messageKeys":{}},"BU6MNvNylwTeIWxUUQwJjaK5DehsxH4Z1GIlByBjvEgq":{"chainKey":{"counter":0},"chainType":2,"messageKeys":{}},"BcuBB2M/gnBCF9ZW05AQgcbzgP8/msJXB+HGcqalcfYV":{"chainKey":{"counter":16},"chainType":2,"messageKeys":{"4":"qQCfuRw103azOpW8cx8M+JjCK94earKoeekQGrlx+1k="}},"BRn5MALIGwWaXCv3KfCwrk0grkLn0vFCoiJcsXwAvMMQ":{"chainKey":{"counter":1},"chainType":2,"messageKeys":{}},"BYkUSIshenOJR7ojMDjhZwSYA31briM58CvO0ioNrqRy":{"chainKey":{"counter":0},"chainType":2,"messageKeys":{}},"Bec/mBBU/vYp+pO3CjPZboYZkvibNrTIbGjeGGNTM2Yy":{"chainKey":{"counter":1},"chainType":2,"messageKeys":{}},"BQLthIuTiNoio+U7zNTpT24ZdQ1IqIvp0NVG1VuuWfoX":{"chainKey":{"counter":0},"chainType":2,"messageKeys":{}},"BatGTc3BZfce3w9hiqnSat3eJPP2eZojDRL83YQH0x8y":{"chainKey":{"counter":0},"chainType":2,"messageKeys":{}},"BY9jB/bc3myuOS3PHdfOTPtaVhppCFzG/Syv8H5lqhBS":{"chainKey":{"counter":1},"chainType":2,"messageKeys":{}},"BUhot8gBqSI9WhwySjtYXSw3YZMN22gHT1liOpUDDNV1":{"chainKey":{"counter":0},"chainType":2,"messageKeys":{}},"BVRHoBuTORjfuYqpe1Db+LkYXSDkRJZPjy8+yFcypg0e":{"chainKey":{"counter":1},"chainType":2,"messageKeys":{}},"BbaG7I9XkeSnRH3hwIfRe7PwXxz+k5h/skwOWjvmUdsP":{"chainKey":{"counter":0},"chainType":2,"messageKeys":{}},"BXLSsW1ppNJgHw0FLQuvDtrkDevP0EFW4tN/hd8bIW9B":{"chainKey":{"counter":0},"chainType":2,"messageKeys":{}},"BZ4HMhNQ0XNTLZ5v8GAcHSnT4f7gKKwZU7N8Qa0o4lZG":{"chainKey":{"counter":0},"chainType":2,"messageKeys":{}},"BU3ZRZKwPSdRIuEhIQ/minL8r1OyZDnAk8jourtFh0kH":{"chainKey":{"counter":1},"chainType":2,"messageKeys":{}},"BchFO4oWGRDV6Z0ZJHK4ObDBndDZ8lts0Kp4/aZYIBQ/":{"chainKey":{"counter":0},"chainType":2,"messageKeys":{}},"BemjA8p4MoTAtSUPiWsUjoVqHcj2BXy6ry+7dpnSMiUY":{"chainKey":{"counter":0},"chainType":2,"messageKeys":{}},"BWu5JvEaznJiMuylHNl0KqfIk9AakJllA8kJanA4Dd9t":{"chainKey":{"counter":0},"chainType":2,"messageKeys":{}},"BSCuxPIS1KILxBVxHP8nI3NrsUnM4RuVfnB8G2ljHXIy":{"chainKey":{"counter":0},"chainType":2,"messageKeys":{}},"BcYwvbC05s2bJnuNVGdhsjzJYk/hhtEOzldBDDd49L5R":{"chainKey":{"counter":0},"chainType":2,"messageKeys":{}},"BU3tDnyblKxovu1HTnVjxmiL8dHbpJzJYv57QwEGISY4":{"chainKey":{"counter":0},"chainType":2,"messageKeys":{}},"BWHXsLXmXKXHToxNx/jeBb3d/XkgcmezMMcD4Wu6hJ5H":{"chainKey":{"counter":2},"chainType":2,"messageKeys":{}},"BSiGtTYgFc+mwLuZgWovYzQlSzu9TQnqaUS2jeXoqoAp":{"chainKey":{"counter":2},"chainType":2,"messageKeys":{}},"Bdw711FHxZFI1IfWGJoAjmapfRX240B6BCd+3rwH8+Nx":{"chainKey":{"counter":0},"chainType":2,"messageKeys":{}},"BZVtEz9yRaHcrBCzDPeSgk9hdnc1X4RZipKHpxRjDuUc":{"chainKey":{"counter":0},"chainType":2,"messageKeys":{}},"BTjy5Dkc+zEZhReTTq1pAgfLyJCluw94jWB27WXhbagM":{"chainKey":{"counter":1},"chainType":2,"messageKeys":{}},"BdMehyxN/WnHqww9hU960tBlG8RvH1GvmjL8W1e3w1B6":{"chainKey":{"counter":0},"chainType":2,"messageKeys":{}},"BXG50AxxIM2daO4dbI5+wE69aDq8jW2EP7rxgbXaerwv":{"chainKey":{"counter":3},"chainType":2,"messageKeys":{}},"BaBz7+fwNNYphjLt8ZvY1SOyDrmv9L1Bhrddk6C1ILEd":{"chainKey":{"counter":4},"chainType":2,"messageKeys":{}},"BT5ap8xaneBxppDYmtQs5JalTVllb4xnxBdjHCAdmod0":{"chainKey":{"counter":1},"chainType":2,"messageKeys":{}},"Bb9mlvPi0RrWqi/SK16x2hNwswf8VoF+t2l1IHeLpodh":{"chainKey":{"counter":1},"chainType":2,"messageKeys":{}},"BexIjGoeHpS6AbUBBsfUbUcgy7q8egi0USw0+ay0iChJ":{"chainKey":{"counter":0},"chainType":2,"messageKeys":{}},"BVv8RgPl9NnnbBXG+LhLpvMu0xcEoB9QKdYXVOsAdWU3":{"chainKey":{"counter":0},"chainType":2,"messageKeys":{}},"BS5Z3EbwC+gZMs6Q//WsJMcSwDWi6IjQDjBhmA4uZtZS":{"chainKey":{"counter":2},"chainType":2,"messageKeys":{}},"BYu4GaPDixHCBbYH8r9u5Ib2J+WQOX0rHvOJtciUXBRX":{"chainKey":{"counter":0},"chainType":2,"messageKeys":{}},"BXBWhU/VxXs0cin9ZjVKRLVBgxCU82B+O8QP1xh5CtsT":{"chainKey":{"counter":0},"chainType":2,"messageKeys":{}},"BRygO/kJ37BLK2zdRX4aKanCAvIXjemmXaLZM1/Id6R6":{"chainKey":{"counter":0,"key":"JPQomVBmkwE2VQ2p2krZGsUsTChfiiCqnF6X3cmeIm4="},"chainType":2,"messageKeys":{}},"BeQFIsuzurKhSpy+ZDpKhkgPRDKQisVRIv09L/69k9th":{"chainKey":{"counter":-1,"key":"c9XQOv8rwTnrsOVd7jAIasTJdVchja4zXaV0UCKySl4="},"chainType":1,"messageKeys":{}}}}},"version":"v1"}