{"_sessions":{"BSkcehwdSBbfEihCRXySQnRVCGlQkn0jZ78TSYlpmZ4Z":{"registrationId":381890428,"currentRatchet":{"ephemeralKeyPair":{"pubKey":"BZn79u2uBFRATBzBPZZN0QN/dkRI0eezAkDzYwzJJOhj","privKey":"CKMfbkmUIFv30IBItd6mPr0qyKOY+ex10bu/LX3Dylo="},"lastRemoteEphemeralKey":"BXHuFjWbeVJeXEFpbMuQjE6Z81aCJ2DADVuTUugRIUEx","previousCounter":0,"rootKey":"4+gUCYigdPnD7n8+lEMb2YdpGqJVuxmoWfig/Y+0Lmk="},"indexInfo":{"baseKey":"BSkcehwdSBbfEihCRXySQnRVCGlQkn0jZ78TSYlpmZ4Z","baseKeyType":1,"closed":1735566889412,"used":1735566888507,"created":1735566888507,"remoteIdentityKey":"BZ1wykkSnzbHv4TcrEXRhlcW5sGcTVNuWhEnjkHHJaB6"},"_chains":{"BZn79u2uBFRATBzBPZZN0QN/dkRI0eezAkDzYwzJJOhj":{"chainKey":{"counter":0,"key":"+EU5UxpXMOZa5L+336Iura/PB9e8CyhRCAXO7BmDAB0="},"chainType":1,"messageKeys":{}}},"pendingPreKey":{"signedKeyId":5,"baseKey":"BSkcehwdSBbfEihCRXySQnRVCGlQkn0jZ78TSYlpmZ4Z","preKeyId":10358745}},"BUsd/+6eF2YSsa2IPofRvM9rQvdTaSAW/f1JhVGLQVti":{"registrationId":381890428,"currentRatchet":{"ephemeralKeyPair":{"pubKey":"BeWR4QgosyWh8IYEJckG78jPpaLKChOhcypxYvLuVAxV","privKey":"COljRyIHLwfjtiz30CfyWJxFo2dI8bgRTgA+h+LCoXA="},"lastRemoteEphemeralKey":"BXHuFjWbeVJeXEFpbMuQjE6Z81aCJ2DADVuTUugRIUEx","previousCounter":0,"rootKey":"CmBhIDeBPSdpPw8GipzuJtdGN6y3n6PN1pwVorDqALQ="},"indexInfo":{"baseKey":"BUsd/+6eF2YSsa2IPofRvM9rQvdTaSAW/f1JhVGLQVti","baseKeyType":1,"closed":-1,"used":1735566889340,"created":1735566889340,"remoteIdentityKey":"BZ1wykkSnzbHv4TcrEXRhlcW5sGcTVNuWhEnjkHHJaB6"},"_chains":{"BeWR4QgosyWh8IYEJckG78jPpaLKChOhcypxYvLuVAxV":{"chainKey":{"counter":0,"key":"ug1eAdPT40j0wWgwDlGBFXh6nC0QZc42Fz4tGWuEysw="},"chainType":1,"messageKeys":{}}},"pendingPreKey":{"signedKeyId":5,"baseKey":"BUsd/+6eF2YSsa2IPofRvM9rQvdTaSAW/f1JhVGLQVti","preKeyId":10358362}}},"version":"v1"}