{"_sessions":{"BRBUZMljI6py232Jj5CrTEclJWXRRe2c2SM0Zn0V4xkr":{"registrationId":200,"currentRatchet":{"ephemeralKeyPair":{"pubKey":"BXKXJtJ2bt68V5xU7YAyrk76Epohby7sKlS2AeqRZA1x","privKey":"kBot45k7e/2ut2SROs9292fzdDKI78WOp+xSgnlamXg="},"lastRemoteEphemeralKey":"BQOF4Z+s82zfP+xfwSUGhjN5OqctqM6iy7Zp4Kur49lu","previousCounter":0,"rootKey":"t8hO4+ObH7lx+JH1Mu8H+cl620RfkipNvbUouayB/bc="},"indexInfo":{"baseKey":"BRBUZMljI6py232Jj5CrTEclJWXRRe2c2SM0Zn0V4xkr","baseKeyType":1,"closed":-1,"used":1735544655552,"created":1735544655552,"remoteIdentityKey":"BVmeZUJ4XMsW3aqMEOA3+Ary72ahaVXSnOON7dV/jWRw"},"_chains":{"BXKXJtJ2bt68V5xU7YAyrk76Epohby7sKlS2AeqRZA1x":{"chainKey":{"counter":3,"key":"qxPb1veyczf84o/mW+Sf2nN1s6ILoXgYeRVIdDkB09s="},"chainType":1,"messageKeys":{}}},"pendingPreKey":{"signedKeyId":1,"baseKey":"BRBUZMljI6py232Jj5CrTEclJWXRRe2c2SM0Zn0V4xkr"}}},"version":"v1"}