{"_sessions":{"Bd34AryPhgTAYXdQSc1jPHUEIjOEpzIGq2nJIJ3SQuhc":{"registrationId":1591728017,"currentRatchet":{"ephemeralKeyPair":{"pubKey":"Bd70LiWjw1F100R5l20Jt1N9BhZUvCX+X2LxGaVMPipN","privKey":"wIHKnZYNIaXc6vSQuLXcpTH/OjT+K1yiD+NWqf7a6Vo="},"lastRemoteEphemeralKey":"BUUeS83htu7LJ0oGHVoHUuCPbuKdZXaPaMtvIAt1Fnkl","previousCounter":0,"rootKey":"0RUV6MAL31SXPS+JtApAkXCPQ0ny3S9YP36WYKhqGBI="},"indexInfo":{"baseKey":"Bd34AryPhgTAYXdQSc1jPHUEIjOEpzIGq2nJIJ3SQuhc","baseKeyType":1,"closed":1735566889409,"used":1735566888499,"created":1735566888499,"remoteIdentityKey":"BfVYwoU//CfCiLVvmZa0pxRVceHF+GZFkQsPA2LmQ88o"},"_chains":{"Bd70LiWjw1F100R5l20Jt1N9BhZUvCX+X2LxGaVMPipN":{"chainKey":{"counter":0,"key":"rLm+jBZSrYSE4zyXknEjVQuDgb3RfHssaEoehbk88GU="},"chainType":1,"messageKeys":{}}},"pendingPreKey":{"signedKeyId":2,"baseKey":"Bd34AryPhgTAYXdQSc1jPHUEIjOEpzIGq2nJIJ3SQuhc","preKeyId":8031321}},"BSzuwdxqQ5/NSJrEwgqJmmlUFoI2wLXU0U/7K7w53z1l":{"registrationId":1591728017,"currentRatchet":{"ephemeralKeyPair":{"pubKey":"BVCMAN0Oc2sktjlvBQxDx1pa5vrUuTywUWwDlN09x/op","privKey":"WFRuT7kFcTI2bZv+VmJ51U7kByj+aXpUPQ90B60krWA="},"lastRemoteEphemeralKey":"BUUeS83htu7LJ0oGHVoHUuCPbuKdZXaPaMtvIAt1Fnkl","previousCounter":0,"rootKey":"HFQvf/FfHxMT4jvRxzwp4KhpDIsGh8GsORv8P6k6ZuQ="},"indexInfo":{"baseKey":"BSzuwdxqQ5/NSJrEwgqJmmlUFoI2wLXU0U/7K7w53z1l","baseKeyType":1,"closed":-1,"used":1735566889331,"created":1735566889331,"remoteIdentityKey":"BfVYwoU//CfCiLVvmZa0pxRVceHF+GZFkQsPA2LmQ88o"},"_chains":{"BVCMAN0Oc2sktjlvBQxDx1pa5vrUuTywUWwDlN09x/op":{"chainKey":{"counter":0,"key":"bDKgXfgBvfydgx7h/tZk0gsr51m+GbsrjiQAQ1PNyqk="},"chainType":1,"messageKeys":{}}},"pendingPreKey":{"signedKeyId":2,"baseKey":"BSzuwdxqQ5/NSJrEwgqJmmlUFoI2wLXU0U/7K7w53z1l","preKeyId":8031309}}},"version":"v1"}