{"_sessions":{"BcGW0LMwkuaqAxGyDzTl3VdRRdWgnJzgrW3sm4B5yBpH":{"registrationId":1929132988,"currentRatchet":{"ephemeralKeyPair":{"pubKey":"BTLvmG7XAHBLV+u4OPcAIq+H9lPibiYvJmVZT4k+H25i","privKey":"MOQkKJxSep+SL5CQpVeFzHxMTg1o6cAhPxcVOjTJlXs="},"lastRemoteEphemeralKey":"BYZHb22L/MdJcowmguCMU2FnHeqD+X28FsrM589shB1r","previousCounter":0,"rootKey":"OOA10FeH1LNc0pjnoEiYPiL22GN8EL82s1hLCEE3+Mo="},"indexInfo":{"baseKey":"BcGW0LMwkuaqAxGyDzTl3VdRRdWgnJzgrW3sm4B5yBpH","baseKeyType":1,"closed":1735566889394,"used":1735566888453,"created":1735566888453,"remoteIdentityKey":"BcWPJNYXcSsvNRpH/CMeEmq/pd1jymwi0OxkmplMNvQM"},"_chains":{"BTLvmG7XAHBLV+u4OPcAIq+H9lPibiYvJmVZT4k+H25i":{"chainKey":{"counter":0,"key":"aFLeje++RodofnJu49EciLtyKPCihjC/egUcjYqsjLM="},"chainType":1,"messageKeys":{}}},"pendingPreKey":{"signedKeyId":1,"baseKey":"BcGW0LMwkuaqAxGyDzTl3VdRRdWgnJzgrW3sm4B5yBpH","preKeyId":14781118}},"BQ2CuVm9QRTrvb6+RDBh8xsYEPkOMs7LCqGhOaMyAY8M":{"registrationId":1929132988,"currentRatchet":{"ephemeralKeyPair":{"pubKey":"BV87OBoJFYqBw/poYq6WzcC9A47AxL4B1Ea0kblS6QkA","privKey":"KOQjmYtkmuXrsdPKEUInED53mPia114tFu3ox+hzo1A="},"lastRemoteEphemeralKey":"BYZHb22L/MdJcowmguCMU2FnHeqD+X28FsrM589shB1r","previousCounter":0,"rootKey":"xJ9jhNgLWpswK4h6M/rMDyCB+HmXdehOlyCKRuUmwTE="},"indexInfo":{"baseKey":"BQ2CuVm9QRTrvb6+RDBh8xsYEPkOMs7LCqGhOaMyAY8M","baseKeyType":1,"closed":-1,"used":1735566889290,"created":1735566889290,"remoteIdentityKey":"BcWPJNYXcSsvNRpH/CMeEmq/pd1jymwi0OxkmplMNvQM"},"_chains":{"BV87OBoJFYqBw/poYq6WzcC9A47AxL4B1Ea0kblS6QkA":{"chainKey":{"counter":0,"key":"+BEdafb4FKW2iZxaltFmxFQme65HSuOcfBby+pmBKLg="},"chainType":1,"messageKeys":{}}},"pendingPreKey":{"signedKeyId":1,"baseKey":"BQ2CuVm9QRTrvb6+RDBh8xsYEPkOMs7LCqGhOaMyAY8M","preKeyId":14781489}}},"version":"v1"}