{"_sessions":{"BWKswRcGQBefFUMtl8ywARx4kSX5PnyIps2ZiXRErwcY":{"registrationId":279699538,"currentRatchet":{"ephemeralKeyPair":{"pubKey":"BSEWwznD/smuwQ4c0zJnc1xk/LX9WbCZav4F/HyQC78S","privKey":"eIuCmyPnr22TvfN/tTr9/fSARBSjz/wKfYXQMChtyFg="},"lastRemoteEphemeralKey":"BcHzW6ufYTQs91wKS+ES26GgSOPbc7z7vXbSZLHpgPRp","previousCounter":1,"rootKey":"fnuMM9iDSKfxBsk9LFAPzd8euwV0J8bGBKKaPg+7tdM="},"indexInfo":{"baseKey":"BWKswRcGQBefFUMtl8ywARx4kSX5PnyIps2ZiXRErwcY","baseKeyType":1,"closed":-1,"used":1735573633196,"created":1735544655582,"remoteIdentityKey":"BWnPbyOqH1CWY1o4fMazFPMY+2pCOMZMraU+88KO1SQC"},"_chains":{"BWcQxwb59I57jdPHtHHWqHQxWxx2AWc4FcRfHfBvoGIy":{"chainKey":{"counter":2},"chainType":2,"messageKeys":{}},"BcHzW6ufYTQs91wKS+ES26GgSOPbc7z7vXbSZLHpgPRp":{"chainKey":{"counter":0,"key":"wPZmEOjV2y2u9YdN9YaBTzvIgTb+725mNlUAOl9mlII="},"chainType":2,"messageKeys":{}},"BSEWwznD/smuwQ4c0zJnc1xk/LX9WbCZav4F/HyQC78S":{"chainKey":{"counter":-1,"key":"f/YZ/srNAfXqnU8lkIgyf8cHTR9S4OkbH80EOJZE4tU="},"chainType":1,"messageKeys":{}}}}},"version":"v1"}