{"_sessions":{"BUW4V1eZbdU/5t7PSKqDfjQj+rcJG2VaAaxgtsZrjqRv":{"registrationId":537041093,"currentRatchet":{"ephemeralKeyPair":{"pubKey":"Bd4ASZ3rBMfPI2dpDwVKHxZlWz39KLUj/ov43PG+qIhD","privKey":"sLhcGMD9L4R3LJ972VSD0a8Non/6+9M05Tx4ccXOfH4="},"lastRemoteEphemeralKey":"BbKF+zqYBcGqKFxxFoK3sKLIvRGDOGwHIV1/FulKCCYF","previousCounter":0,"rootKey":"zvJJx97DC0aFb2e7UX6cj6lveZlZ0o+Y/NbOJ+m2bNo="},"indexInfo":{"baseKey":"BUW4V1eZbdU/5t7PSKqDfjQj+rcJG2VaAaxgtsZrjqRv","baseKeyType":2,"closed":-1,"used":1735566521841,"created":1735566521841,"remoteIdentityKey":"BWSJwGTSg3XiOFwKIdlt0FyTAJpaziJD/PUi70JyMPhq"},"_chains":{"BbKF+zqYBcGqKFxxFoK3sKLIvRGDOGwHIV1/FulKCCYF":{"chainKey":{"counter":7,"key":"unvNHOyPFXk2E3qA++55NxUzaJzpqoy0FecTOUvuA8s="},"chainType":2,"messageKeys":{"0":"sRrnDuT1w4BWVukeTGIXOpz7jukEdygmYkxg5GPNnFY=","2":"LJvcvmguPKFPqkpl5rcCxjuFOWQS5gGoc7nJLqHMRwo="}},"Bd4ASZ3rBMfPI2dpDwVKHxZlWz39KLUj/ov43PG+qIhD":{"chainKey":{"counter":1,"key":"eM3rs1v7FJNPYdS08jzCHzAGMmvE44oYzvpwTlSHsEY="},"chainType":1,"messageKeys":{}}}}},"version":"v1"}