{"_sessions":{"BV9ar2qRxHkTdTfKdSSK6jfkwAMNyyaATP7LRVMZHO1i":{"registrationId":1750142931,"currentRatchet":{"ephemeralKeyPair":{"pubKey":"BcOOzK9PbIYqFIdMRyek35pbGfPFEM5iOywBSeBdM5l6","privKey":"AEIfb3BCupSct521yht+VnVy5mM6p+lK5FNc1CE7hEI="},"lastRemoteEphemeralKey":"BdL5Bcdae50wnQB9b8CBLS1JCyrhmLB1ysiVYn0K9oRH","previousCounter":0,"rootKey":"EGeNPXfWDQWt7uEgyD92JV3vP0ahAlzQ4hDe+k7K9VA="},"indexInfo":{"baseKey":"BV9ar2qRxHkTdTfKdSSK6jfkwAMNyyaATP7LRVMZHO1i","baseKeyType":2,"closed":-1,"used":1735566521391,"created":1735566521391,"remoteIdentityKey":"BQtTagMN1YjVHyF5KeE4w+IzCimpY8nHCICGOgqkIYMS"},"_chains":{"BdL5Bcdae50wnQB9b8CBLS1JCyrhmLB1ysiVYn0K9oRH":{"chainKey":{"counter":7,"key":"Se3m8v8/iBtDMYpsfFwseLvmebrGthJDqdeIeyefVZc="},"chainType":2,"messageKeys":{}},"BcOOzK9PbIYqFIdMRyek35pbGfPFEM5iOywBSeBdM5l6":{"chainKey":{"counter":1,"key":"5/1io6dhg1NEChcXYBXyW1gU1FcWRO9WzwGD/ADs3P0="},"chainType":1,"messageKeys":{}}}}},"version":"v1"}