{"_sessions":{"BXZSb5t8WaBK76VuAU7ecCS70ZpI3iuE8Quw3CwqGPZo":{"registrationId":12,"currentRatchet":{"ephemeralKeyPair":{"pubKey":"BUiq9gm9plThKK/ZjJP5vGFOMIqhY0gFLKnqaDTakYM+","privKey":"qP3E6DP3c+19IzBZPt3kOwIPjkKDZSewuIXrjQD1a1o="},"lastRemoteEphemeralKey":"BWo9R6MG+mxQz3NQgXcqJzQwab4YM/c5G+tXsEg9TbM9","previousCounter":0,"rootKey":"eQ5FXXzzHvZ0uKKODrmPlQ3fyozUr8nLmnjVZ9GLFg4="},"indexInfo":{"baseKey":"BXZSb5t8WaBK76VuAU7ecCS70ZpI3iuE8Quw3CwqGPZo","baseKeyType":1,"closed":-1,"used":1735572057675,"created":1735572057675,"remoteIdentityKey":"BVN5I3hc54eyocwpdif0hUNGflU4wgObR0aUkCRl3CR1"},"_chains":{"BUiq9gm9plThKK/ZjJP5vGFOMIqhY0gFLKnqaDTakYM+":{"chainKey":{"counter":0,"key":"4mTR81i+BRgI9OXQ5zIo0MkF5d7OE2UQ0RqbV1nCBPs="},"chainType":1,"messageKeys":{}}},"pendingPreKey":{"signedKeyId":1,"baseKey":"BXZSb5t8WaBK76VuAU7ecCS70ZpI3iuE8Quw3CwqGPZo","preKeyId":4}}},"version":"v1"}