{"_sessions":{"BbAy4SacWb2GgGI10ZDCa1Srx/0Azy9Amzq5Zijw1Itp":{"registrationId":309156399,"currentRatchet":{"ephemeralKeyPair":{"pubKey":"BdRFMAwbvtonTbPh5GGL4b6TW7Z09Fg0PC4tyBO+ggBI","privKey":"cK9GFxmRZHbD9uCr2fyxMXsubPR8bxPmBLpu+md5IGo="},"lastRemoteEphemeralKey":"BQo6TY98iF97Y5UzgVqkZwBw+CYe25mAANDpbL5O+cdk","previousCounter":0,"rootKey":"h2wrWfkUW6t7rWXQLEiIitf7wbXyJEjrnTY2T5hgnRI="},"indexInfo":{"baseKey":"BbAy4SacWb2GgGI10ZDCa1Srx/0Azy9Amzq5Zijw1Itp","baseKeyType":2,"closed":-1,"used":1735566521598,"created":1735566521598,"remoteIdentityKey":"Bd+eOcdL4KcmSnHobU56f4J/KtI/GlcFNLsJVFzrifhk"},"_chains":{"BQo6TY98iF97Y5UzgVqkZwBw+CYe25mAANDpbL5O+cdk":{"chainKey":{"counter":0,"key":"hzpHcGi+k8zD8yk58WSq2joNRZXpNByPAEwln/+jZd0="},"chainType":2,"messageKeys":{}},"BdRFMAwbvtonTbPh5GGL4b6TW7Z09Fg0PC4tyBO+ggBI":{"chainKey":{"counter":-1,"key":"xzBpCj8+HexmviKCmiVzzukXa5H/hp+qYFtVhI0D4TE="},"chainType":1,"messageKeys":{}}}}},"version":"v1"}