{"version":1,"hash":{"type":"Buffer","data":"4XlIIrbBqjPs3FCcpOt2wzyJIFP2IVe21pdZ6JBAunnFTAN2LN/d9XzQF29x/VzUc4T891EUi/4qlZel0vR7ZCy8KpjL4fux13xfOtUCfpTXemftOoHrqjhkBrzVWy6tAp6BglByLoLYVckWk8dzkVD/KZ/MsTAXPqP5//1spR8="},"indexValueMap":{"VIaA7ify9L3Cox9GgPrtzgSfgWPHbhlRYl7fgiMZZiY=":{"valueMac":{"type":"Buffer","data":"aa8Ka5Z4JcVwP2+1OzkFHp7dTQ8Tn0NmRCtVqi5HGbc="}},"UGaXqOXZSTO+Nz0VcaczerDcIYG3XRo3JUbb5fGpBkY=":{"valueMac":{"type":"Buffer","data":"UMGlbrH0oK31MwbWc/9plEpjGHZYnzIEk56FCUOwE+o="}},"bAaytZ229mO+96nPgWPhuJVAHTHGVTru3zDvLbaELac=":{"valueMac":{"type":"Buffer","data":"EmLeEi7Y92S0zPHAKeyrOSDxR40rfnGdXT7Yhu5QQbM="}},"vifmU3mK5BVWC8ByfXSq+4+eR+dUnY4kr4E2EPKhgB0=":{"valueMac":{"type":"Buffer","data":"hoG1e2Vxogr8zXaZghKbN1UTME/7wpChEmlinh2Lm24="}},"OB5j9w2bUHNCdw3Uxi24jLuG7MMYOxRS+VPTxl6Stjo=":{"valueMac":{"type":"Buffer","data":"gr3RrEEzATRuiSNj8xO1clW3Wek2Dcg+akNFeVWh92M="}},"StO6YXK1Ok2bjKA7rx5LpqyPgfuKarZMElfmmlvqBjw=":{"valueMac":{"type":"Buffer","data":"fut089ZVdzUhBmfOTknX2yBNzbddvRJC4ZEcpJIZ70Y="}},"Hg2NGhmOfWfB0GQ4qvP3JoZzgbadA71XvCWJcT9MaEw=":{"valueMac":{"type":"Buffer","data":"IJlLPtZtyerWMp6ywTXCqqOA/Ov62Qbmqa1LRFPiHzU="}},"s51vc5zYRYcTImRZBBZke+VOLmHk1QHS4dNGG1b888U=":{"valueMac":{"type":"Buffer","data":"0b7e5aVU5YpJejNgdwVg+Tp+8FsNuf/P/TeRsCi71UE="}},"6vN5ptJtIquVl8bEBkwzFsdJ9Qt9ZJw2bm3W/qX0pPk=":{"valueMac":{"type":"Buffer","data":"IRCSPsbXCij+l/eGppwQZKmoCC4I4nbDnQSdaCKdAoU="}},"SbO4nbO/ttF2EeE4SO9cWG0goGp6ja8SjlgNm+KVRRY=":{"valueMac":{"type":"Buffer","data":"c8MQqGkqWB7A+Fp9e9Tdt9NT9YzRI9DC6BcZbXNFsF4="}},"FwU7NAB0WXeyd3MPU7BvWNlB8HJGtB4J+5lV9kuN5Ck=":{"valueMac":{"type":"Buffer","data":"BqgViaIkh6bBpg0gyqfMW7P9W7EJKFR2a1/olThtDDw="}},"6z/ksX4/ReOy/JZLJZXJwmfKsluANRvw7GHKdaJf+Cw=":{"valueMac":{"type":"Buffer","data":"jcg5QwyAk7/47wQKAuqnimWmYe2hhLrCwbPxVpfSA24="}},"c+ZS5+glsD6HXHGxJj14+9fLOKBJQf0AFCt1KR/GMXw=":{"valueMac":{"type":"Buffer","data":"KFGksk3DvCZ3VQS1UMoRlzvlGim1Xcbz3dbwGsd30FU="}},"JdXxXYmqk2Z3hVVgQvuY9tDwvMjKrCBI0MM/b6xDfXU=":{"valueMac":{"type":"Buffer","data":"c0IwpgwRQmj0PqtzzdeEvGu/j2JSKJxzuwnBWWXO2wU="}},"yYqPpZB3uJJ0axij1M3EKvEwJ6UY7kGoPzDIKtehxj0=":{"valueMac":{"type":"Buffer","data":"On/+LcG3et1VuIGBdlXV9r103WnLlFO5dnoARnZZL4o="}},"MYhRz7OXGpoBZARrR0RdJjKFKxK5LAVCTZ//cJD6knw=":{"valueMac":{"type":"Buffer","data":"l5F1pehq/1rIrV1vlLw5cy1XuJ0r2kVcVbW87SmZuaM="}},"Z7cQDWnW1rKjOz3Sr9zQ9hf0lxV19oCkTXsGFSQKAhk=":{"valueMac":{"type":"Buffer","data":"Ub/kbbQbKMcnaEBDlxrU9Lx0kboojdqVa6Sw7pJF2ms="}},"IQ8RvU8L7Ec3Xf8f4pUVi3BeYCCIfdd7HQ/EfTTtTOM=":{"valueMac":{"type":"Buffer","data":"8XDB0SlBffcAD7f71fcTBCKUnvRJfTlLgCiZ9ZJN6UA="}},"JsuXtVRi0IckpIU/YsUZ0WJxKKCLnq5g8GovSo/MfAk=":{"valueMac":{"type":"Buffer","data":"htompL3Cv6rhBcwB9ka6VL91dnaoIBzAX4h3crTRRyg="}},"PPx1AxCJVDwC973CsJbr2AVvjSLsSqwlaQDnV7SJXck=":{"valueMac":{"type":"Buffer","data":"ch52BADnSRKs/Pz3bhcTorpaac7lDyO6+KpvQ/+VSdE="}},"bRKnFQoUsVa6TzL0MUOr9/oIw+jqcHgOvQVUJiAd+bs=":{"valueMac":{"type":"Buffer","data":"LpcgmoEi0SqclluKJOBB27kNBE0nKhv0Nt3QpILGrMo="}},"vA/ZlW8dGBgGT6nffY+uZnAscRFsoNNe5XW3eE2mfD8=":{"valueMac":{"type":"Buffer","data":"+WDutkijP84qIG+efKg+y8vs+9KOlpEqgXPOwJYHN44="}},"VYiqAjdTWZkCc1glHzW6sMbf7yguCN4oaURtgc9rMTk=":{"valueMac":{"type":"Buffer","data":"GybL0qG7c4Frg9D0MmmFY4QSpWS3Psmcz8HDL/voiDo="}},"BC8c2PvPzqBFqroxyeuwBSSWgDiSSTZDppjTOzzpksw=":{"valueMac":{"type":"Buffer","data":"5ykcP6um5q1Oxf3k+kcZn04eNRTU8Y6DoxCF2eX7vx8="}},"MPqdVvbunSRl5RQG7hfAdV6Otkh0DQ6iphyo2AY4et0=":{"valueMac":{"type":"Buffer","data":"S2WTFS7FwH4ms2dMRstDBA2c99RzNSxY/XSRI1uiiDQ="}},"AI+V7hBdVuRRQ+CykGZyvkg1MFG/2028BNMs3T1NaNI=":{"valueMac":{"type":"Buffer","data":"zwsBAy0DkYLvAOXA4fVHel1CA36t97wj/9lJdcIZHck="}},"q36bFl8dXFs2Ohuo7AukUKnOfZB9n2p+tLoLk5LVFcI=":{"valueMac":{"type":"Buffer","data":"A/gvHtUQtbjnDShGT9GZ7tD37BCmPXv4tjJibwam3Zw="}}}}