{"version":1,"hash":{"type":"Buffer","data":"e046n2zdWX+SWABn/vYoNBWq/zV2JQoPS1GLA7fHKkc95ekZaCrECXRLLgo8286jOtlWqkNAawtyQCFx3arHpi/ZMw9fe/buB08VbnL5BANTWib5lNNEen+/rAEq2m/TRqzg5qcltg7gdsYDJ8q+x7A1irLhvQKJrEmkk47aFFg="},"indexValueMap":{"L6IyZ1FeOH0hDJL9ON7lVX2LCiWw21Hl0CNQYX6lmH8=":{"valueMac":{"type":"Buffer","data":"UpwBIOXPKmjojlbkx5YdcDsIdklVetyHvINCXwfz+No="}},"9M6sAsstJEXdV7CoR85yHR1JluAYvCB77pAy1gGRgVg=":{"valueMac":{"type":"Buffer","data":"Gu+utqA9nMghkdpZUw9D+iQFbd15oD91fMbRsq++jeE="}}}}