{"version":2,"hash":{"type":"Buffer","data":"BbAJPkS9nfAeoyLiZeTNcgdoNrZMmQIGX8hGmDISV00B+L0v0Xb2Ia8Cl/c0x/wA471goAJE89xF4d3P/KAyU7fad3s4PlkEBksiqo1onnGSsFOajuBFNMM4KZea4g6MxVZ4vvlwzM8wnJA/jJ+/Xve2Sof4/avU7hBHf45dF8M="},"indexValueMap":{"i60acPWWCU2izWx/YKVkkQWxr8Y3MXcY93+2j1fh+OY=":{"valueMac":{"type":"Buffer","data":"oAPUtoluSW643HDCcYhtYu+qupwFmyhWiUS5+sClkZA="}},"TrW18APqDau3QiHdVubz5jX991w3plTSxl40RDRwKwM=":{"valueMac":{"type":"Buffer","data":"xqzFPPoLczCWY4hvBNOSoCmmBuu0o+xqOIVgbRKQ1Zs="}},"qceC841kpkctuQ3tRd44u0lvC9gb3B2URde4WEE6GH4=":{"valueMac":{"type":"Buffer","data":"2Mfw1Wj2YGRXhNfVkcYIYcVYlf9ITQs4gxi6sLvAGOo="}},"0dQHYcfugUvd1oix/q4xjbIRYXbkdkNeN6fuppCg0+Q=":{"valueMac":{"type":"Buffer","data":"bFqntWTlPPM4vOhxqLG+HtURyQkibkmG2v+KozEpwLI="}},"mWLdwRumkgo3iEdyvdAcaHVyeSBwZJ7i4VsCD2yXzqU=":{"valueMac":{"type":"Buffer","data":"vEp2xt7QVdqccseoLXS5vC9+tc+ReExbuFH9N9dOo2o="}},"9j/K6CNT+0oTsmRqKYJ1yguLCw3wi2WdlwY/g2kCYDU=":{"valueMac":{"type":"Buffer","data":"pmirniPbzhloFeE8aT5OCIvVVGKNzVqL7h8uAajiXUo="}},"ypOn1KAbII4c05g/RI+eaC8Mp8GCX5LDRioYLO+igaE=":{"valueMac":{"type":"Buffer","data":"F93932J2n1TN1p95lHlcqK6+MA/eB/e4bCqLFVwkP9s="}}}}