{"version":1,"hash":{"type":"Buffer","data":"z2KVI26FroMgvp+CMDThLEybcD9KuwFuyKzrF6sRvvL0GOft3Uw5qBS3/yvwwbz0YK6JxCllsX08WIzOqY9u+ji3n1ZhgBnCSX8osQ5BfSAiEhvJZzarxPO/Hj6VUnCFpWTLRzLDgqs4SyG+T2Y2oW6IOPHdjSn/IPk6NdldssA="},"indexValueMap":{"u5JjTfpKiwFfBKdp/crZRQrozvb5L+z5CqtjBQ0CneI=":{"valueMac":{"type":"Buffer","data":"RDAHzLMilcyWqsPRnKkAJpInkmvjUD85taV0UVFoa9E="}},"/nNP01ANw18N4Z/hCC1EiURJ+sy/menDebH0o8GeAAk=":{"valueMac":{"type":"Buffer","data":"XiXYaEUuDXPz2wVASMgr2DQlSc5TFEv2n1/wvqTM5FA="}}}}