{"noiseKey":{"private":{"type":"Buffer","data":"wG6Qu0bjlKGuXJip6iWJhsmRFyUOtFAzQU/g8DRH9mM="},"public":{"type":"Buffer","data":"DTAHhph9yMmLQUXx/DhgtXA+GNAYCXwgm3t4Cdc3nzA="}},"pairingEphemeralKeyPair":{"private":{"type":"Buffer","data":"YJ61LuO0o2mec4m1wYWJ/mRRBulYH4MxdvpWpitvW1A="},"public":{"type":"Buffer","data":"421y52LoEWaS+F7zYNsSv4Pnxxk1bLYsXVyEt8hdq20="}},"signedIdentityKey":{"private":{"type":"Buffer","data":"CPTFqZ8DUh9s/1jWRMR3M39QGpWoExbxMz38KzN19kk="},"public":{"type":"Buffer","data":"W+rSvVTLtLhgTj9O0NuutY8yPCxiHe9CoBsJIt05dAc="}},"signedPreKey":{"keyPair":{"private":{"type":"Buffer","data":"IGn4wd5ignX0L8KDcTc28yC/PRHAHtHyFQVQVuD7uU8="},"public":{"type":"Buffer","data":"cuxQuquPge4onHSQT6N+jdJEUQacuuXEbtaDDmAMegs="}},"signature":{"type":"Buffer","data":"AKXoeTpxj+wKzy4uGsi+KmMIlW/NhKFKTDtGeFB1PIwMPIZbP7I+5Sc42z6UrmWpszeFBkRepn3WEXMSXXgpBQ=="},"keyId":1},"registrationId":40,"advSecretKey":"ztZGSbwBlibBFJt6NY0kEqZOxapf4XALRDKYWbILZtE=","processedHistoryMessages":[{"key":{"remoteJid":"6285939908613@s.whatsapp.net","fromMe":true,"id":"7F27EA8ADBE9EA88D99601B29D3229F3"},"messageTimestamp":1735452419},{"key":{"remoteJid":"6285939908613@s.whatsapp.net","fromMe":true,"id":"ADAEBD184B46BACEC524231F6F81AD7D"},"messageTimestamp":1735452429},{"key":{"remoteJid":"6285939908613@s.whatsapp.net","fromMe":true,"id":"6B5C6A33A7E2A1059B979DECBD45DE78"},"messageTimestamp":1735452454},{"key":{"remoteJid":"6285939908613@s.whatsapp.net","fromMe":true,"id":"E091E1B77C03F794B560DCE1929D1AE3"},"messageTimestamp":1735452463}],"nextPreKeyId":31,"firstUnuploadedPreKeyId":31,"accountSyncCounter":1,"accountSettings":{"unarchiveChats":false},"registered":true,"pairingCode":"B83ZWYSQ","me":{"id":"6285939908613:1@s.whatsapp.net","lid":"33711768768589:1@lid","name":"Bot"},"account":{"details":"CNOGvpsCEO7Nw7sGGAEgACgA","accountSignatureKey":"ac9vI6ofUJZjWjh8xrMU8xj7akI4xkytpT7zwo7VJAI=","accountSignature":"YKP8BgAP0ScyhjZi8r+tGX2s53GaOfTwmRCK7o+/SjP6nctkA2TALteZJenZF44NItDUjWE3GE/FRUXfOhBgAA==","deviceSignature":"AcCmIbjMHsc24f66WvqYBCskKtzoT197UTCWbDlzLEascDGbqoUYA78Sj5uZAE5nLRw0rRpmgncItCeIhXnuCQ=="},"signalIdentities":[{"identifier":{"name":"6285939908613:1@s.whatsapp.net","deviceId":0},"identifierKey":{"type":"Buffer","data":"BWnPbyOqH1CWY1o4fMazFPMY+2pCOMZMraU+88KO1SQC"}}],"platform":"android","routingInfo":{"type":"Buffer","data":"CAgIAg=="},"lastAccountSyncTimestamp":1735452448,"myAppStateKeyId":"AAAAADjT","lastPropHash":"TrDC9"}