{"_sessions":{"BSWKCwqslR70+pjBgPvuIiQV8SI3dio2Yf6Mz1OJwdYL":{"registrationId":1372224783,"currentRatchet":{"ephemeralKeyPair":{"pubKey":"Bdu7jXu3IGzzlx+lNIH2umDZ0abYOdTTA4a7OyOyqGAl","privKey":"KKknJLPI7YwfEm/8XI59U4HTH0lSUfNBWkNHZmtWK3Q="},"lastRemoteEphemeralKey":"BTUbZGR1EXw+Fg4Ya7tBu9B8QPHb7RFD/K/+9fofGMYQ","previousCounter":0,"rootKey":"MN+P0BfHG+H/ys0Ayk18GPcemluvrbIlv76fwRcgC5s="},"indexInfo":{"baseKey":"BSWKCwqslR70+pjBgPvuIiQV8SI3dio2Yf6Mz1OJwdYL","baseKeyType":2,"closed":-1,"used":1735452919899,"created":1735452919899,"remoteIdentityKey":"BWKMQt8p1ha35dRtHYaqVpS1GqW57f5X7JZaToBQsQVF"},"_chains":{"BTUbZGR1EXw+Fg4Ya7tBu9B8QPHb7RFD/K/+9fofGMYQ":{"chainKey":{"counter":1,"key":"mgUVWZmqmlZKkp416JE4qqlZ8kN4TDL3cS3am7NieFo="},"chainType":2,"messageKeys":{}},"Bdu7jXu3IGzzlx+lNIH2umDZ0abYOdTTA4a7OyOyqGAl":{"chainKey":{"counter":-1,"key":"3d8gpSvcb5dAUcQE17zy+akqKMRGxz86nyt3IwzxVqI="},"chainType":1,"messageKeys":{}}}}},"version":"v1"}