{"_sessions":{"BSdYja7AglMHGX1Jq+ghC6utePQoJdwJna5upsHU5YwE":{"registrationId":537041093,"currentRatchet":{"ephemeralKeyPair":{"pubKey":"BcfWybmhk6jCxZstOz0mOhQ5YSZSqCVnDCgbxBtdDRcs","privKey":"YHSWpBJgwLCGGQ02lRWv+O+Vqb9gMpsicIRH1fFOrHo="},"lastRemoteEphemeralKey":"BeiEcnQ903nn6cI1gBBWjWh2/QHqegAGy/8NlLa70FEN","previousCounter":0,"rootKey":"f/N2W222FxKXFWrUJ8x4MwCe2op23N1BraQsxuchi8E="},"indexInfo":{"baseKey":"BSdYja7AglMHGX1Jq+ghC6utePQoJdwJna5upsHU5YwE","baseKeyType":2,"closed":-1,"used":1735470984827,"created":1735470984827,"remoteIdentityKey":"BWSJwGTSg3XiOFwKIdlt0FyTAJpaziJD/PUi70JyMPhq"},"_chains":{"BeiEcnQ903nn6cI1gBBWjWh2/QHqegAGy/8NlLa70FEN":{"chainKey":{"counter":0,"key":"+F+Gmi+IOznUvHfMt4YvUoVshBYDl+Y8IngHpN1CUDY="},"chainType":2,"messageKeys":{}},"BcfWybmhk6jCxZstOz0mOhQ5YSZSqCVnDCgbxBtdDRcs":{"chainKey":{"counter":-1,"key":"/SjhQKebH2ozAVaiRrANHbiXj2ItSmbCWmGMBMWdxR8="},"chainType":1,"messageKeys":{}}}}},"version":"v1"}