{"_sessions":{"BfmuhPYJTx1zEvbKR27BBLf4fJcYsxruDEs7Vpdv/EpB":{"registrationId":279699538,"currentRatchet":{"ephemeralKeyPair":{"pubKey":"BWQgEXXAz+7Z00lt3UqnzRtgokgdVTiE4U4irW8M0Dsz","privKey":"yDbQG5RqasTVSj/fZecm+f5mLuE02xLxFigM2/RG0UU="},"lastRemoteEphemeralKey":"BUo6hGV5crXMpIRHYfduVHdREQJjN0onbrgYeaz6DisM","previousCounter":0,"rootKey":"YonizWxz9+GPQijiJfJMV8j5u6R3GiEC3/ZM14rSbjE="},"indexInfo":{"baseKey":"BfmuhPYJTx1zEvbKR27BBLf4fJcYsxruDEs7Vpdv/EpB","baseKeyType":2,"closed":-1,"used":1735452463867,"created":1735452410568,"remoteIdentityKey":"BWnPbyOqH1CWY1o4fMazFPMY+2pCOMZMraU+88KO1SQC"},"_chains":{"Bdl9aRXtGkBXMek9ViBpr6L09VbsrnpfcNf5N15IEV4z":{"chainKey":{"counter":6},"chainType":2,"messageKeys":{}},"BUo6hGV5crXMpIRHYfduVHdREQJjN0onbrgYeaz6DisM":{"chainKey":{"counter":1,"key":"zqGqI+qNM6/5vwO2JTCtTJs4cuV899KHCSvXOgi+xsk="},"chainType":2,"messageKeys":{}},"BWQgEXXAz+7Z00lt3UqnzRtgokgdVTiE4U4irW8M0Dsz":{"chainKey":{"counter":-1,"key":"cEmcFS2wOlue85vEb2mNifercU2JMfyoMVY49VpuhQM="},"chainType":1,"messageKeys":{}}}}},"version":"v1"}